n,uni_max_err,uni_mse_err,cheb_max_err,cheb_mse_err
3,13.827206099110501,31.61237498889357,12.090561846706297,8.648311252934969
4,9.571296900914229,9.418127097150792,10.234878647565289,11.962020975241952
5,8.653497439226753,9.484221771597234,7.748170589930215,6.34732161997256
6,27.82132319267112,75.4782121463032,5.484062245198489,3.51304758917522
7,24.248752227897196,54.295048700235775,2.220001947880509,1.053118868426801
8,19.562809955060327,18.657173014917486,1.084012465500356,0.22596158927809615
9,10.245759658730396,5.4596045008642,0.3736544686483068,0.02895482223070051
10,3.8090384640824473,1.044094163134539,0.08812316371681819,0.0018607475897124612
15,0.002316490394731918,1.1407634836344277e-07,1.566236440469485e-06,4.03900211033627e-13
20,3.4443653476601277e-07,6.879841080169926e-16,1.1549916078394078e-07,1.5006815390409784e-16
30,0.00032140314175110873,9.540393112384176e-10,1.4312806906391362e-05,1.4892314293611364e-12
40,6326.961192800768,170093.53561654768,76162.84269324159,39875548.971974656
50,59643429169392.766,1.266197378510415e+25,1528006082099375.8,1.3902833843468057e+28
75,3.040018228415307e+36,2.3205735405836937e+70,6.27985864364038e+39,1.6567495455558927e+77
100,3.2109539288041786e+60,3.8336355066294437e+118,1.0574958472343488e+65,2.7416880948184814e+127
150,1.3541040083301357e+108,2.550234636650029e+213,7.052858389309083e+115,9.751454087813193e+228
200,1.841638631202111e+155,inf,1.1965090153845413e+166,inf
