n,uni_lag_max,uni_lag_mse,uni_new_max,uni_new_mse,diff_uni_lag_new,cheb_lag_max,cheb_lag_mse,cheb_new_max,cheb_new_mse,diff_cheb_lag_new
3,4.13168109693562,1.8180207079435107,4.13168109693562,1.8180207079435107,1.5777218104420236e-30,5.535556268155938,2.8898579956174677,5.535556268155938,2.8898579956174673,1.7763568394002505e-15
4,4.782440288722053,2.8687985490014984,4.782440288722053,2.8687985490014984,2.220446049250313e-15,5.21042424889209,2.1146571685840096,5.21042424889209,2.1146571685840096,1.7763568394002505e-15
5,5.428145781340475,3.176548249332452,5.428145781340476,3.176548249332452,3.733124920302089e-15,4.047193373181796,1.6105116627846332,4.047193373181796,1.610511662784633,1.7763568394002505e-15
6,4.131681096935618,1.8180207079435105,4.131681096935618,1.8180207079435105,8.110476181803528e-30,5.070135667621692,3.350972491831679,5.070135667621692,3.3509724918316777,2.220446049250313e-15
7,5.438080637911695,3.4317989782301046,5.438080637911696,3.431798978230105,1.3551659794330817e-14,4.372540398606982,1.9059512747274034,4.3725403986069775,1.9059512747274023,8.43769498715119e-15
8,7.367652651942354,4.48474871479352,7.367652651942354,4.484748714793521,6.022959908591474e-14,4.911163614688917,2.2441779236482238,4.911163614688919,2.2441779236482247,6.661338147750939e-15
9,13.726357093837464,12.556782227418402,13.726357093837464,12.556782227418404,3.8058445284150366e-13,4.570193245053678,2.0906073027717125,4.57019324505368,2.090607302771714,3.352873534367973e-14
10,23.442813455752002,42.639485046750956,23.442813455752002,42.639485046750764,7.158718062783009e-13,3.9438427733094885,1.5674799695072104,3.943842773309483,1.5674799695072075,1.5260015473472777e-13
15,68.76475234077486,150.16016244371323,68.76475234077485,150.16016244374478,8.525091743649682e-11,1.1641414733962432,0.27255430102447253,1.1641414733956168,0.2725543010244721,1.9326318323464875e-11
20,10.052689438555042,3.9518060040118743,10.052689438555532,3.951806004005747,1.100187052571755e-09,0.04405716657784818,0.0006207615556663181,0.04405716657754379,0.0006207615556329163,5.364990673939474e-10
30,0.007590897486668746,7.36391943777392e-07,0.007590897501389637,7.36391912482701e-07,2.289327531712626e-08,7.777419874581336e-07,1.3484200209346436e-13,7.827523382797352e-07,1.3480500237553287e-13,2.122547543281783e-08
40,5.590437415145533e-07,1.2744392442594178e-15,2.832560962312547e-07,5.211222823987047e-16,4.611599138532041e-07,3.2149422328395267e-13,2.734995497747281e-26,2.3671391713442347e-07,3.5486538841777333e-16,2.3671397353375312e-07
50,0.0003167270209076811,3.4398725637045396e-10,4.60840337117574e-05,1.955986007325949e-11,0.0002780009804921324,1.8353243528354512e-14,3.580778993628294e-30,1.3975311707048466e-06,1.1513751328044519e-14,1.397531170288513e-06
75,4875.577285100215,70935.39290747148,720.6721098923898,4605.1819665966,4461.576019646577,1.2878587085651816e-14,3.6708364861248076e-30,376.03842484188215,814.9759825600148,376.03842484188215
100,368134867910.0588,2.162088653038832e+20,384195368080734.44,4.46959825968046e+26,384033305439854.06,1.199040866595169e-14,4.4126655307604506e-30,8898138647179765.0,4.0002282306433775e+29,8898138647179765.0
150,1.0914913411213245e+26,1.9645222994416795e+49,6.049441437312809e+37,9.168302881989001e+72,6.049441437315239e+37,1.1102230246251565e-14,3.9244407249474706e-30,4.010902349142465e+40,6.748421654639506e+78,4.010902349142465e+40
200,7.51152792614146e+40,1.0180806438023423e+79,1.5451271166339787e+61,6.431428361797307e+119,1.5451271166339787e+61,1.4654943925052066e-14,5.0872836559541095e-30,5.06465706883775e+66,5.648758167511393e+130,5.06465706883775e+66
