n,uni_cub_nat_max,uni_cub_nat_mse,uni_cub_cla_max,uni_cub_cla_mse,uni_quad_zer_max,uni_quad_zer_mse,uni_quad_cla_max,uni_quad_cla_mse
3,4.130665386780375,1.8162008493665227,4.130665386780375,1.8162008493665227,4.130665386780375,1.8162008493665232,4.130665386780375,1.816200849366523
4,4.492336204743688,2.5486053402170366,4.213102819795083,2.3600304635736906,4.339414501068009,3.139663351345037,4.158910858302405,3.494535224662143
5,4.810936033980778,2.9698775192971563,4.343081135766877,2.9179700994390947,4.318473788272612,3.726880342350158,4.517107748208186,4.484783379296211
6,4.1306653867803735,1.8162008493665227,4.130665386780375,1.816200849366523,4.130665386780374,1.816200849366523,4.130665386780375,1.816200849366523
7,5.0958997412206966,3.2588805177686386,4.65926549093043,3.0238971809544175,5.061040740702946,3.529400563754842,5.675310614097869,4.064796877810342
8,5.82576626460117,3.2925128383604014,4.9669740675026395,2.7846443276218857,5.16719381866297,5.458962432160819,5.86754084160259,6.998121944580024
9,5.882997485522305,2.790109817785012,5.085875071215449,2.2385369152558603,6.349549095129352,11.234934237039566,6.923473972874899,13.32694520227411
10,5.201138668439292,2.1618777479863125,4.749420681708571,1.8642192590646018,7.0211875384825415,14.414647448657204,7.311281635543196,15.511013546416837
15,1.1819543448474135,0.07002404284603203,2.2199319112830223,0.20824381977666362,4.598968756741142,7.980097553866963,5.350073344294433,11.343323258740178
20,0.3425068623903038,0.003655913716207328,1.4335525363241317,0.05593849913669263,1.8046533601933832,1.2874669535611136,2.8179615819354145,3.5132594683466802
30,0.08449007201944769,0.00013038269484255834,0.894243678428178,0.014349693042156789,0.5328177879874136,0.12671660484457298,1.485794101702698,1.1052870524834761
40,0.03832868014781021,1.9510912156184323e-05,0.6614598727755181,0.0058450508995231505,0.23759670701001845,0.026381366242051427,1.0370788312227148,0.5567444950962528
50,0.02224783674347952,5.218950480563492e-06,0.5251287695759836,0.0029400905482506,0.12904913030160614,0.008061927468469643,0.8017033493400962,0.33866033056220796
75,0.008833268742850064,5.675266323893589e-07,0.34028785178522336,0.000851804945343814,0.044471886993890486,0.0010006835431787854,0.518724343110208,0.14288696594583075
100,0.0048956698054379855,1.2587218184344973e-07,0.2592936790604461,0.0003549125430892699,0.021479674140506777,0.00023994322645649324,0.38501448941452265,0.07879909193617096
150,0.0020447751801217495,1.559334376548049e-08,0.1659987757159597,0.00010281699384703436,0.008098115834449304,3.4417953437853556e-05,0.25449024988116475,0.03446998918625837
200,0.001183357893842496,3.5162242528644853e-09,0.12892539595149394,4.178670228642676e-05,0.004138683612504995,9.089641304003388e-06,0.19024059602534066,0.019263304692890785
