n_nodes,m_degree,tryg_max_err,tryg_mse_err
5,1,4.376140013625605,2.7510135725455798
5,2,16.20314683145056,93.3890531235
5,3,,
5,4,,
5,5,,
5,6,,
5,7,,
5,8,,
5,9,,
5,10,,
5,13,,
5,15,,
5,20,,
5,40,,
10,1,4.2375811076357826,1.8518810178465392
10,2,4.321948932223219,1.8848697958422107
10,3,4.543516261036726,2.0044815554668274
10,4,5.6659677981828676,2.9258439868159294
10,5,,
10,6,,
10,7,,
10,8,,
10,9,,
10,10,,
10,13,,
10,15,,
10,20,,
10,40,,
15,1,3.9329145600988795,1.7700074170891866
15,2,3.815812610747025,1.733817019444762
15,3,3.6773065058776013,1.6716979633523208
15,4,3.3879891247415066,1.477063518055534
15,5,1.9061960208893547,0.4294743257059458
15,6,1.435464360572619,0.21628203440118837
15,7,1.7973799413110763,0.47583884951844174
15,8,,
15,9,,
15,10,,
15,13,,
15,15,,
15,20,,
15,40,,
20,1,3.840811238670467,1.7576192111899205
20,2,3.6702347138416216,1.7099816299706097
20,3,3.4856593107852656,1.6315486325028365
20,4,3.1621644053308176,1.4082685287122987
20,5,1.6798073200815442,0.3503648728643134
20,6,1.175082281191255,0.1452523785296081
20,7,0.9892865779866491,0.08915774490561472
20,8,0.8991774436811908,0.06599447173245951
20,9,0.8545236001213254,0.05535169988719696
20,10,,
20,13,,
20,15,,
20,20,,
20,40,,
25,1,3.797288793066702,1.7538301216706171
25,2,3.598155062197111,1.7018222538647456
25,3,3.38716637208161,1.616601442239769
25,4,3.04200554794959,1.3807884130480133
25,5,1.5674853537963749,0.31989008017303516
25,6,1.0636433822302531,0.12301525589298508
25,7,0.8710585610210031,0.07022219473018118
25,8,0.770557269486793,0.04808125137415815
25,9,0.7099534281160809,0.03659463845502417
25,10,0.6698452826501622,0.02995308747245553
25,13,,
25,15,,
25,20,,
25,40,,
30,1,3.7724600950269984,1.7522660737110531
30,2,3.5551240270266997,1.6981357586195351
30,3,3.3260829433396166,1.6093445699589781
30,4,2.9645443308498742,1.3665457986873426
30,5,1.4954381122274407,0.3039242395597485
30,6,0.995681773336945,0.11191749448906438
30,7,0.8018461433724613,0.06132363856267545
30,8,0.6990014349556688,0.04034989841963604
30,9,0.6350254199877177,0.0294929170155242
30,10,0.5919672750660223,0.023107687977286386
30,13,0.5236591260508432,0.014499202401830974
30,15,,
30,20,,
30,40,,
40,1,3.7457829093549337,1.7510706612737954
40,2,3.506436328839027,1.6950411258357991
40,3,3.253885829425328,1.6027803478270235
40,4,2.8707259076258684,1.3527609798795652
40,5,1.4626420180406583,0.2881668330766912
40,6,1.0040955077462996,0.10126297768251323
40,7,0.749581296600905,0.05302149711486656
40,8,0.6172931516672455,0.033374464640672036
40,9,0.5515481156327562,0.02335300904283764
40,10,0.5072485529289747,0.017517243492421314
40,13,0.4282252477625881,0.009530381180893268
40,15,0.3999997584095354,0.007264000402927678
40,20,,
40,40,,
50,1,3.73200434274838,1.750650289810252
50,2,3.479813088964357,1.6938340890416965
50,3,3.2125223970450625,1.6000077858960933
50,4,2.8153460285524154,1.34651617484467
50,5,1.5585407977615011,0.2808574578083439
50,6,1.089407190823103,0.09641297235006539
50,7,0.8300273201272922,0.04930810166830823
50,8,0.6623404135470242,0.030311502356702748
50,9,0.5427760630420354,0.020713385272866702
50,10,0.46005534197653075,0.015174360519058896
50,13,0.37985042028142946,0.007690423826381512
50,15,0.34867097753284915,0.005580409235961955
50,20,0.30536383533983424,0.0032652264793920516
50,40,,
75,1,3.7161630392881806,1.750332995557034
75,2,3.4472676832001907,1.6928255528095923
75,3,3.159468317157653,1.5975087540569408
75,4,2.741182964327842,1.3405070359250009
75,5,1.6890294995859538,0.27365102717344064
75,6,1.2044684181516778,0.09168800604264501
75,7,0.9377133399949356,0.04572630594043467
75,8,0.7659899416237381,0.027384645035737003
75,9,0.6440036500866184,0.01821567670569481
75,10,0.5518863323265326,0.012981464612759765
75,13,0.3717708245683644,0.006042654945868106
75,15,0.2951455643019885,0.004138307791881588
75,20,0.24083601893659856,0.0020806674025078075
75,40,,
100,1,3.709315324176002,1.7502508293152295
100,2,3.432258893529281,1.6925337021249491
100,3,3.133810039789772,1.5967268921338735
100,4,2.7038238136537496,1.3385011324247342
100,5,1.7558034447871471,0.27118475027302974
100,6,1.2629985271690796,0.09008481849891066
100,7,0.9922397953380042,0.044518883224902266
100,8,0.8182630799550672,0.026403416021863024
100,9,0.6948554875552637,0.017382758853529957
100,10,0.6017749625309815,0.012254268738523116
100,13,0.42012020694188174,0.0055075830811904865
100,15,0.3430537971590983,0.0036790236065854776
100,20,0.22089599041107974,0.001732438956615999
100,40,0.14753322141078218,0.0004001042763195055
150,1,3.703180664931223,1.750205413355805
150,2,3.418100864163331,1.6923586791107976
150,3,3.108725441069565,1.596231606722243
150,4,2.6662033144448927,1.3371726752421145
150,5,1.823840173332019,0.26952233505617496
150,6,1.322449820815548,0.08900889911060454
150,7,1.047506481397853,0.043710925030394594
150,8,0.8711621802164433,0.02574817965884416
150,9,0.7462459772085093,0.01682752283137736
150,10,0.6521248069733214,0.011770309325390067
150,13,0.46868828888771924,0.005153540377364123
150,15,0.39097921767556454,0.0033767174498468347
150,20,0.2680495467270059,0.0015078566812937292
150,40,0.11765209589363856,0.0002693363425583564
200,1,3.700381023817637,1.7501935425562773
200,2,3.411344457433266,1.6923094771916327
200,3,3.096399273859947,1.5960857344419457
200,4,2.647278080675388,1.3367667308689792
200,5,1.8583907998386655,0.2690067900015123
200,6,1.3525814672470926,0.0886762122290669
200,7,1.0754839882055651,0.043461526371234
200,8,0.8979218581013159,0.02554612358836497
200,9,0.7722295345691976,0.01665641281999466
200,10,0.6775717841159693,0.011621236840667272
200,13,0.4932024466605458,0.005044648032014739
200,15,0.4151385069148325,0.003283877803135625
200,20,0.2916937683054029,0.0014393592884159633
200,40,0.1111584047899666,0.0002334018178804952
