criterion;starting_point_x0;tolerance_rho;found_root;abs_error;function_value_f(x);iteration_count;status
|x_i+1 - x_i| < rho;-0.5;0.01;0.548335311633694;0.00015325700817903076;8.27990564798058e-07;18;success
|x_i+1 - x_i| < rho;-0.5;0.001;0.5481824017677972;3.4714228225318777e-07;5.808910728463939e-10;19;success
|x_i+1 - x_i| < rho;-0.5;0.0001;0.548182294340708;2.397151930288999e-07;2.848741208205663e-16;20;success
|x_i+1 - x_i| < rho;-0.5;1e-05;0.548182294340708;2.397151930288999e-07;2.848741208205663e-16;20;success
|x_i+1 - x_i| < rho;-0.5;1e-07;0.5481822943406552;2.397151402933062e-07;-2.168404344971009e-19;21;success
|x_i+1 - x_i| < rho;-0.5;1e-11;0.5481822943406552;2.397151402933062e-07;-2.168404344971009e-19;21;success
|x_i+1 - x_i| < rho;-0.5;1e-15;0.5481822943406552;2.397151402933062e-07;-2.168404344971009e-19;22;success
|x_i+1 - x_i| < rho;-0.4;0.01;0.5481847032440078;2.6486184928620204e-06;1.3025806567658967e-08;17;success
|x_i+1 - x_i| < rho;-0.4;0.001;0.5481847032440078;2.6486184928620204e-06;1.3025806567658967e-08;17;success
|x_i+1 - x_i| < rho;-0.4;0.0001;0.5481822943671758;2.3974166085682924e-07;1.434043584835204e-13;18;success
|x_i+1 - x_i| < rho;-0.4;1e-05;0.5481822943671758;2.3974166085682924e-07;1.434043584835204e-13;18;success
|x_i+1 - x_i| < rho;-0.4;1e-07;0.5481822943406552;2.397151402933062e-07;-2.168404344971009e-19;19;success
|x_i+1 - x_i| < rho;-0.4;1e-11;0.5481822943406552;2.397151402933062e-07;-2.168404344971009e-19;20;success
|x_i+1 - x_i| < rho;-0.4;1e-15;0.5481822943406552;2.397151402933062e-07;-2.168404344971009e-19;20;success
|x_i+1 - x_i| < rho;-0.3;0.01;0.5482219239284819;3.986930296695501e-05;2.1432790758499094e-07;15;success
|x_i+1 - x_i| < rho;-0.3;0.001;0.548182301525222;2.4689970701263775e-07;3.8849108988363995e-11;16;success
|x_i+1 - x_i| < rho;-0.3;0.0001;0.548182301525222;2.4689970701263775e-07;3.8849108988363995e-11;16;success
|x_i+1 - x_i| < rho;-0.3;1e-05;0.5481822943406555;2.397151405153508e-07;1.0164395367051604e-18;17;success
|x_i+1 - x_i| < rho;-0.3;1e-07;0.5481822943406555;2.397151405153508e-07;1.0164395367051604e-18;17;success
|x_i+1 - x_i| < rho;-0.3;1e-11;0.5481822943406552;2.397151402933062e-07;-2.168404344971009e-19;18;success
|x_i+1 - x_i| < rho;-0.3;1e-15;0.5481822943406552;2.397151402933062e-07;-2.168404344971009e-19;18;success
|x_i+1 - x_i| < rho;-0.2;0.01;0.5481840776572913;2.02303177632146e-06;9.643006686178238e-09;14;success
|x_i+1 - x_i| < rho;-0.2;0.001;0.5481840776572913;2.02303177632146e-06;9.643006686178238e-09;14;success
|x_i+1 - x_i| < rho;-0.2;0.0001;0.5481822943551895;2.397296745559885e-07;7.859091524266282e-14;15;success
|x_i+1 - x_i| < rho;-0.2;1e-05;0.5481822943551895;2.397296745559885e-07;7.859091524266282e-14;15;success
|x_i+1 - x_i| < rho;-0.2;1e-07;0.5481822943406552;2.397151402933062e-07;-2.168404344971009e-19;16;success
|x_i+1 - x_i| < rho;-0.2;1e-11;0.5481822943406552;2.397151402933062e-07;-2.168404344971009e-19;17;success
|x_i+1 - x_i| < rho;-0.2;1e-15;0.5481822943406552;2.397151402933062e-07;-2.168404344971009e-19;17;success
|x_i+1 - x_i| < rho;-0.1;0.01;0.5481840256955679;1.971070052952939e-06;9.362029544803625e-09;12;success
|x_i+1 - x_i| < rho;-0.1;0.001;0.5481840256955679;1.971070052952939e-06;9.362029544803625e-09;12;success
|x_i+1 - x_i| < rho;-0.1;0.0001;0.5481822943543548;2.3972883989031857e-07;7.407765264914878e-14;13;success
|x_i+1 - x_i| < rho;-0.1;1e-05;0.5481822943543548;2.3972883989031857e-07;7.407765264914878e-14;13;success
|x_i+1 - x_i| < rho;-0.1;1e-07;0.5481822943406552;2.397151402933062e-07;-2.168404344971009e-19;14;success
|x_i+1 - x_i| < rho;-0.1;1e-11;0.5481822943406552;2.397151402933062e-07;-2.168404344971009e-19;15;success
|x_i+1 - x_i| < rho;-0.1;1e-15;0.5481822943406552;2.397151402933062e-07;-2.168404344971009e-19;15;success
|x_i+1 - x_i| < rho;0.0;0.01;0.5484864386454656;0.00030438401995069864;1.6468976056917777e-06;10;success
|x_i+1 - x_i| < rho;0.0;0.001;0.5481827204058567;6.657803417464692e-07;2.303866861663121e-09;11;success
|x_i+1 - x_i| < rho;0.0;0.0001;0.5481822943414849;2.397159699629725e-07;4.4860762240389596e-15;12;success
|x_i+1 - x_i| < rho;0.0;1e-05;0.5481822943414849;2.397159699629725e-07;4.4860762240389596e-15;12;success
|x_i+1 - x_i| < rho;0.0;1e-07;0.5481822943406552;2.397151402933062e-07;-2.168404344971009e-19;13;success
|x_i+1 - x_i| < rho;0.0;1e-11;0.5481822943406552;2.397151402933062e-07;-2.168404344971009e-19;13;success
|x_i+1 - x_i| < rho;0.0;1e-15;0.5481822943406552;2.397151402933062e-07;-2.168404344971009e-19;14;success
|x_i+1 - x_i| < rho;0.1;0.01;0.5481840200592035;1.9654336885777113e-06;9.331551550028315e-09;9;success
|x_i+1 - x_i| < rho;0.1;0.001;0.5481840200592035;1.9654336885777113e-06;9.331551550028315e-09;9;success
|x_i+1 - x_i| < rho;0.1;0.0001;0.5481822943542658;2.39728750850432e-07;7.359615846434797e-14;10;success
|x_i+1 - x_i| < rho;0.1;1e-05;0.5481822943542658;2.39728750850432e-07;7.359615846434797e-14;10;success
|x_i+1 - x_i| < rho;0.1;1e-07;0.5481822943406552;2.397151402933062e-07;-2.168404344971009e-19;11;success
|x_i+1 - x_i| < rho;0.1;1e-11;0.5481822943406552;2.397151402933062e-07;-2.168404344971009e-19;12;success
|x_i+1 - x_i| < rho;0.1;1e-15;0.5481822943406552;2.397151402933062e-07;-2.168404344971009e-19;12;success
|x_i+1 - x_i| < rho;0.2;0.01;0.5482378115623467;5.575693683179672e-05;3.0027451288665904e-07;7;success
|x_i+1 - x_i| < rho;0.2;0.001;0.5481823084463834;2.5382086843439566e-07;7.627390888754592e-11;8;success
|x_i+1 - x_i| < rho;0.2;0.0001;0.5481823084463834;2.5382086843439566e-07;7.627390888754592e-11;8;success
|x_i+1 - x_i| < rho;0.2;1e-05;0.5481822943406562;2.3971514129250693e-07;5.312590645178972e-18;9;success
|x_i+1 - x_i| < rho;0.2;1e-07;0.5481822943406562;2.3971514129250693e-07;5.312590645178972e-18;9;success
|x_i+1 - x_i| < rho;0.2;1e-11;0.5481822943406552;2.397151402933062e-07;-2.168404344971009e-19;10;success
|x_i+1 - x_i| < rho;0.2;1e-15;0.5481822943406552;2.397151402933062e-07;-2.168404344971009e-19;10;success
|x_i+1 - x_i| < rho;0.3;0.01;0.5481838855320034;1.8309064884203252e-06;8.604111589749649e-09;6;success
|x_i+1 - x_i| < rho;0.3;0.001;0.5481838855320034;1.8309064884203252e-06;8.604111589749649e-09;6;success
|x_i+1 - x_i| < rho;0.3;0.0001;0.5481822943522264;2.3972671148175806e-07;6.256867040536213e-14;7;success
|x_i+1 - x_i| < rho;0.3;1e-05;0.5481822943522264;2.3972671148175806e-07;6.256867040536213e-14;7;success
|x_i+1 - x_i| < rho;0.3;1e-07;0.5481822943406552;2.397151402933062e-07;-2.168404344971009e-19;8;success
|x_i+1 - x_i| < rho;0.3;1e-11;0.5481822943406552;2.397151402933062e-07;-2.168404344971009e-19;9;success
|x_i+1 - x_i| < rho;0.3;1e-15;0.5481822943406552;2.397151402933062e-07;-2.168404344971009e-19;9;success
|x_i+1 - x_i| < rho;0.4;0.01;0.5481823445862484;2.899607334239107e-07;2.716930593807572e-10;4;success
|x_i+1 - x_i| < rho;0.4;0.001;0.5481823445862484;2.899607334239107e-07;2.716930593807572e-10;4;success
|x_i+1 - x_i| < rho;0.4;0.0001;0.5481822943406668;2.3971515183962566e-07;6.232807239076044e-17;5;success
|x_i+1 - x_i| < rho;0.4;1e-05;0.5481822943406668;2.3971515183962566e-07;6.232807239076044e-17;5;success
|x_i+1 - x_i| < rho;0.4;1e-07;0.5481822943406668;2.3971515183962566e-07;6.232807239076044e-17;5;success
|x_i+1 - x_i| < rho;0.4;1e-11;0.5481822943406552;2.397151402933062e-07;-2.168404344971009e-19;6;success
|x_i+1 - x_i| < rho;0.4;1e-15;0.5481822943406552;2.397151402933062e-07;-2.168404344971009e-19;7;success
|x_i+1 - x_i| < rho;0.5;0.01;0.5482595270587473;7.747243323230624e-05;4.1776807882007536e-07;2;success
|x_i+1 - x_i| < rho;0.5;0.001;0.5481823216547351;2.670292201800706e-07;1.4769544315589977e-10;3;success
|x_i+1 - x_i| < rho;0.5;0.0001;0.5481823216547351;2.670292201800706e-07;1.4769544315589977e-10;3;success
|x_i+1 - x_i| < rho;0.5;1e-05;0.5481822943406587;2.397151437349976e-07;1.83772268236293e-17;4;success
|x_i+1 - x_i| < rho;0.5;1e-07;0.5481822943406587;2.397151437349976e-07;1.83772268236293e-17;4;success
|x_i+1 - x_i| < rho;0.5;1e-11;0.5481822943406552;2.397151402933062e-07;-2.168404344971009e-19;5;success
|x_i+1 - x_i| < rho;0.5;1e-15;0.5481822943406552;2.397151402933062e-07;-2.168404344971009e-19;6;success
|x_i+1 - x_i| < rho;0.6;0.01;0.5482040570984335;2.2002472918503102e-05;1.1768946893319829e-07;3;success
|x_i+1 - x_i| < rho;0.6;0.001;0.5481822965063055;2.4188079050802003e-07;1.17103205252286e-11;4;success
|x_i+1 - x_i| < rho;0.6;0.0001;0.5481822965063055;2.4188079050802003e-07;1.17103205252286e-11;4;success
|x_i+1 - x_i| < rho;0.6;1e-05;0.5481822943406552;2.397151402933062e-07;-2.168404344971009e-19;5;success
|x_i+1 - x_i| < rho;0.6;1e-07;0.5481822943406552;2.397151402933062e-07;-2.168404344971009e-19;5;success
|x_i+1 - x_i| < rho;0.6;1e-11;0.5481822943406552;2.397151402933062e-07;-2.168404344971009e-19;6;success
|x_i+1 - x_i| < rho;0.6;1e-15;0.5481822943406552;2.397151402933062e-07;-2.168404344971009e-19;6;success
|x_i+1 - x_i| < rho;0.7;0.01;0.5482891017800828;0.00010704715456788527;5.778223010617742e-07;5;success
|x_i+1 - x_i| < rho;0.7;0.001;0.5481823466186191;2.9199310414007584e-07;2.8268270278015376e-10;6;success
|x_i+1 - x_i| < rho;0.7;0.0001;0.5481822943406678;2.397151528388264e-07;6.765421556309548e-17;7;success
|x_i+1 - x_i| < rho;0.7;1e-05;0.5481822943406678;2.397151528388264e-07;6.765421556309548e-17;7;success
|x_i+1 - x_i| < rho;0.7;1e-07;0.5481822943406678;2.397151528388264e-07;6.765421556309548e-17;7;success
|x_i+1 - x_i| < rho;0.7;1e-11;0.5481822943406552;2.397151402933062e-07;-2.168404344971009e-19;8;success
|x_i+1 - x_i| < rho;0.7;1e-15;0.5481822943406552;2.397151402933062e-07;-2.168404344971009e-19;9;success
|x_i+1 - x_i| < rho;0.8;0.01;0.548257909478362;7.585485284700155e-05;4.090152143490294e-07;7;success
|x_i+1 - x_i| < rho;0.8;0.001;0.5481823205214771;2.658959621371082e-07;1.415675754927329e-10;8;success
|x_i+1 - x_i| < rho;0.8;0.0001;0.5481823205214771;2.658959621371082e-07;1.415675754927329e-10;8;success
|x_i+1 - x_i| < rho;0.8;1e-05;0.5481822943406583;2.397151434019307e-07;1.6534083130403943e-17;9;success
|x_i+1 - x_i| < rho;0.8;1e-07;0.5481822943406583;2.397151434019307e-07;1.6534083130403943e-17;9;success
|x_i+1 - x_i| < rho;0.8;1e-11;0.5481822943406552;2.397151402933062e-07;-2.168404344971009e-19;10;success
|x_i+1 - x_i| < rho;0.8;1e-15;0.5481822943406552;2.397151402933062e-07;-2.168404344971009e-19;11;success
|x_i+1 - x_i| < rho;0.9;0.01;0.54819489286493;1.2838239415002839e-05;6.812792378381634e-08;9;success
|x_i+1 - x_i| < rho;0.9;0.001;0.5481822950662542;2.4044073920759246e-07;3.9235307982155715e-12;10;success
|x_i+1 - x_i| < rho;0.9;0.0001;0.5481822950662542;2.4044073920759246e-07;3.9235307982155715e-12;10;success
|x_i+1 - x_i| < rho;0.9;1e-05;0.5481822943406552;2.397151402933062e-07;-2.168404344971009e-19;11;success
|x_i+1 - x_i| < rho;0.9;1e-07;0.5481822943406552;2.397151402933062e-07;-2.168404344971009e-19;11;success
|x_i+1 - x_i| < rho;0.9;1e-11;0.5481822943406552;2.397151402933062e-07;-2.168404344971009e-19;12;success
|x_i+1 - x_i| < rho;0.9;1e-15;0.5481822943406552;2.397151402933062e-07;-2.168404344971009e-19;12;success
|x_i+1 - x_i| < rho;1.0;0.01;0.5484314333731128;0.0002493787475978948;1.3487100439472374e-06;10;success
|x_i+1 - x_i| < rho;1.0;0.001;0.5481825798293267;5.25203811774233e-07;1.543724915313658e-09;11;success
|x_i+1 - x_i| < rho;1.0;0.0001;0.5481822943410277;2.3971551277313097e-07;2.013810667701732e-15;12;success
|x_i+1 - x_i| < rho;1.0;1e-05;0.5481822943410277;2.3971551277313097e-07;2.013810667701732e-15;12;success
|x_i+1 - x_i| < rho;1.0;1e-07;0.5481822943406552;2.397151402933062e-07;-2.168404344971009e-19;13;success
|x_i+1 - x_i| < rho;1.0;1e-11;0.5481822943406552;2.397151402933062e-07;-2.168404344971009e-19;13;success
|x_i+1 - x_i| < rho;1.0;1e-15;0.5481822943406552;2.397151402933062e-07;-2.168404344971009e-19;14;success
|f(x_i)| < rho;-0.5;0.01;0.3159394322922798;0.23224262233323517;-0.005983165436657166;13;success
|f(x_i)| < rho;-0.5;0.001;0.4368692511910622;0.11131280343445277;-0.0007988688397391047;15;success
|f(x_i)| < rho;-0.5;0.0001;0.5418040997222167;0.0063779549032982885;-3.359373019711088e-05;17;success
|f(x_i)| < rho;-0.5;1e-05;0.548335311633694;0.00015325700817903076;8.27990564798058e-07;18;success
|f(x_i)| < rho;-0.5;1e-07;0.5481824017677972;3.4714228225318777e-07;5.808910728463939e-10;19;success
|f(x_i)| < rho;-0.5;1e-11;0.548182294340708;2.397151930288999e-07;2.848741208205663e-16;20;success
|f(x_i)| < rho;-0.5;1e-15;0.548182294340708;2.397151930288999e-07;2.848741208205663e-16;20;success
|f(x_i)| < rho;-0.4;0.01;0.28952432212604734;0.2586577324994676;-0.009235631302084603;11;success
|f(x_i)| < rho;-0.4;0.001;0.47056538800075287;0.07761666662476208;-0.0004430752271241229;14;success
|f(x_i)| < rho;-0.4;0.0001;0.5489016940974006;0.0007196394718856913;3.90296109844679e-06;16;success
|f(x_i)| < rho;-0.4;1e-05;0.5489016940974006;0.0007196394718856913;3.90296109844679e-06;16;success
|f(x_i)| < rho;-0.4;1e-07;0.5481847032440078;2.6486184928620204e-06;1.3025806567658967e-08;17;success
|f(x_i)| < rho;-0.4;1e-11;0.5481822943671758;2.3974166085682924e-07;1.434043584835204e-13;18;success
|f(x_i)| < rho;-0.4;1e-15;0.5481822943406552;2.397151402933062e-07;-2.168404344971009e-19;19;success
|f(x_i)| < rho;-0.3;0.01;0.324465289657749;0.22371676496776594;-0.005199259704239427;10;success
|f(x_i)| < rho;-0.3;0.001;0.44522285510173387;0.10295919952378108;-0.0006924785946838478;12;success
|f(x_i)| < rho;-0.3;0.0001;0.5451079010188229;0.003074153606692054;-1.6403069960531128e-05;14;success
|f(x_i)| < rho;-0.3;1e-05;0.5482219239284819;3.986930296695501e-05;2.1432790758499094e-07;15;success
|f(x_i)| < rho;-0.3;1e-07;0.548182301525222;2.4689970701263775e-07;3.8849108988363995e-11;16;success
|f(x_i)| < rho;-0.3;1e-11;0.5481822943406555;2.397151405153508e-07;1.0164395367051604e-18;17;success
|f(x_i)| < rho;-0.3;1e-15;0.5481822943406555;2.397151405153508e-07;1.0164395367051604e-18;17;success
|f(x_i)| < rho;-0.2;0.01;0.2987211974938597;0.24946085713165522;-0.007941370536159759;8;success
|f(x_i)| < rho;-0.2;0.001;0.47936872412935133;0.06881333049616362;-0.00037617422085941963;11;success
|f(x_i)| < rho;-0.2;0.0001;0.532001590596169;0.01618046402934592;-8.277205973980503e-05;12;success
|f(x_i)| < rho;-0.2;1e-05;0.5488020463556935;0.0006199917301785707;3.3607799203909736e-06;13;success
|f(x_i)| < rho;-0.2;1e-07;0.5481840776572913;2.02303177632146e-06;9.643006686178238e-09;14;success
|f(x_i)| < rho;-0.2;1e-11;0.5481822943551895;2.397296745559885e-07;7.859091524266282e-14;15;success
|f(x_i)| < rho;-0.2;1e-15;0.5481822943406552;2.397151402933062e-07;-2.168404344971009e-19;16;success
|f(x_i)| < rho;-0.1;0.01;0.3343711802132589;0.21381087441225605;-0.004415618646686228;7;success
|f(x_i)| < rho;-0.1;0.001;0.45490688389786565;0.09327517072764929;-0.0005855558683244147;9;success
|f(x_i)| < rho;-0.1;0.0001;0.5475617317385498;0.000620322886965119;-3.3461552828579203e-06;11;success
|f(x_i)| < rho;-0.1;1e-05;0.5475617317385498;0.000620322886965119;-3.3461552828579203e-06;11;success
|f(x_i)| < rho;-0.1;1e-07;0.5481840256955679;1.971070052952939e-06;9.362029544803625e-09;12;success
|f(x_i)| < rho;-0.1;1e-11;0.5481822943543548;2.3972883989031857e-07;7.407765264914878e-14;13;success
|f(x_i)| < rho;-0.1;1e-15;0.5481822943406552;2.397151402933062e-07;-2.168404344971009e-19;14;success
|f(x_i)| < rho;0.0;0.01;0.30954064915738155;0.2386414054681334;-0.0066475203957979375;5;success
|f(x_i)| < rho;0.0;0.001;0.43059154922716397;0.11759050539835098;-0.0008887691548131831;7;success
|f(x_i)| < rho;0.0;0.0001;0.5386159091725155;0.009566145452999497;-4.983508306075333e-05;9;success
|f(x_i)| < rho;0.0;1e-05;0.5484864386454656;0.00030438401995069864;1.6468976056917777e-06;10;success
|f(x_i)| < rho;0.0;1e-07;0.5481827204058567;6.657803417464692e-07;2.303866861663121e-09;11;success
|f(x_i)| < rho;0.0;1e-11;0.5481822943414849;2.397159699629725e-07;4.4860762240389596e-15;12;success
|f(x_i)| < rho;0.0;1e-15;0.5481822943406552;2.397151402933062e-07;-2.168404344971009e-19;13;success
|f(x_i)| < rho;0.1;0.01;0.28521597378847174;0.2629660808370432;-0.009911940590877242;3;success
|f(x_i)| < rho;0.1;0.001;0.46641927570646124;0.0817627789190537;-0.00047761564709467735;6;success
|f(x_i)| < rho;0.1;0.0001;0.5487920325731266;0.0006099779476116396;3.3063232168499166e-06;8;success
|f(x_i)| < rho;0.1;1e-05;0.5487920325731266;0.0006099779476116396;3.3063232168499166e-06;8;success
|f(x_i)| < rho;0.1;1e-07;0.5481840200592035;1.9654336885777113e-06;9.331551550028315e-09;9;success
|f(x_i)| < rho;0.1;1e-11;0.5481822943542658;2.39728750850432e-07;7.359615846434797e-14;10;success
|f(x_i)| < rho;0.1;1e-15;0.5481822943406552;2.397151402933062e-07;-2.168404344971009e-19;11;success
|f(x_i)| < rho;0.2;0.01;0.32268492349907757;0.22549713112643738;-0.005354057662039654;2;success
|f(x_i)| < rho;0.2;0.001;0.44347967128295485;0.1047023833425601;-0.0007135227209200004;4;success
|f(x_i)| < rho;0.2;0.0001;0.5445099293084437;0.003672125317071284;-1.95455316623471e-05;6;success
|f(x_i)| < rho;0.2;1e-05;0.5482378115623467;5.575693683179672e-05;3.0027451288665904e-07;7;success
|f(x_i)| < rho;0.2;1e-07;0.5481823084463834;2.5382086843439566e-07;7.627390888754592e-11;8;success
|f(x_i)| < rho;0.2;1e-11;0.5481822943406562;2.3971514129250693e-07;5.312590645178972e-18;9;success
|f(x_i)| < rho;0.2;1e-15;0.5481822943406562;2.3971514129250693e-07;5.312590645178972e-18;9;success
|f(x_i)| < rho;0.3;0.01;0.36086911106790986;0.18731294355760508;-0.0028490686503950084;1;success
|f(x_i)| < rho;0.3;0.001;0.48058653606589496;0.06759551855961998;-0.0003675409271717715;3;success
|f(x_i)| < rho;0.3;0.0001;0.5328550581039276;0.01532699652158731;-7.856294216058266e-05;4;success
|f(x_i)| < rho;0.3;1e-05;0.5487679620883377;0.0005859074628227212;3.1754446264706877e-06;5;success
|f(x_i)| < rho;0.3;1e-07;0.5481838855320034;1.8309064884203252e-06;8.604111589749649e-09;6;success
|f(x_i)| < rho;0.3;1e-11;0.5481822943522264;2.3972671148175806e-07;6.256867040536213e-14;7;success
|f(x_i)| < rho;0.3;1e-15;0.5481822943406552;2.397151402933062e-07;-2.168404344971009e-19;8;success
|f(x_i)| < rho;0.4;0.01;0.4598594453498395;0.08832260927567542;-0.0005367975021045655;1;success
|f(x_i)| < rho;0.4;0.001;0.4598594453498395;0.08832260927567542;-0.0005367975021045655;1;success
|f(x_i)| < rho;0.4;0.0001;0.5482870078935298;0.00010495326801485128;5.664890531064233e-07;3;success
|f(x_i)| < rho;0.4;1e-05;0.5482870078935298;0.00010495326801485128;5.664890531064233e-07;3;success
|f(x_i)| < rho;0.4;1e-07;0.5481823445862484;2.899607334239107e-07;2.716930593807572e-10;4;success
|f(x_i)| < rho;0.4;1e-11;0.5481822943406668;2.3971515183962566e-07;6.232807239076044e-17;5;success
|f(x_i)| < rho;0.4;1e-15;0.5481822943406668;2.3971515183962566e-07;6.232807239076044e-17;5;success
|f(x_i)| < rho;0.5;0.01;0.5438019937326058;0.004380060892909099;-2.3247384001415467e-05;1;success
|f(x_i)| < rho;0.5;0.001;0.5438019937326058;0.004380060892909099;-2.3247384001415467e-05;1;success
|f(x_i)| < rho;0.5;0.0001;0.5438019937326058;0.004380060892909099;-2.3247384001415467e-05;1;success
|f(x_i)| < rho;0.5;1e-05;0.5482595270587473;7.747243323230624e-05;4.1776807882007536e-07;2;success
|f(x_i)| < rho;0.5;1e-07;0.5481823216547351;2.670292201800706e-07;1.4769544315589977e-10;3;success
|f(x_i)| < rho;0.5;1e-11;0.5481822943406587;2.397151437349976e-07;1.83772268236293e-17;4;success
|f(x_i)| < rho;0.5;1e-15;0.5481822943406587;2.397151437349976e-07;1.83772268236293e-17;4;success
|f(x_i)| < rho;0.6;0.01;0.5666504506649754;0.01846839603946049;0.00011120719608865423;1;success
|f(x_i)| < rho;0.6;0.001;0.5666504506649754;0.01846839603946049;0.00011120719608865423;1;success
|f(x_i)| < rho;0.6;0.0001;0.5503081346909815;0.0021260800654665513;1.1610925974050006e-05;2;success
|f(x_i)| < rho;0.6;1e-05;0.5482040570984335;2.2002472918503102e-05;1.1768946893319829e-07;3;success
|f(x_i)| < rho;0.6;1e-07;0.5481822965063055;2.4188079050802003e-07;1.17103205252286e-11;4;success
|f(x_i)| < rho;0.6;1e-11;0.5481822943406552;2.397151402933062e-07;-2.168404344971009e-19;5;success
|f(x_i)| < rho;0.6;1e-15;0.5481822943406552;2.397151402933062e-07;-2.168404344971009e-19;5;success
|f(x_i)| < rho;0.7;0.01;0.6534837837117152;0.10530172908620028;0.0016733032889986752;1;success
|f(x_i)| < rho;0.7;0.001;0.6107885386201797;0.06260648399466473;0.0005734196373602642;2;success
|f(x_i)| < rho;0.7;0.0001;0.5527662397447722;0.004584185119257289;2.5348417509696156e-05;4;success
|f(x_i)| < rho;0.7;1e-05;0.5482891017800828;0.00010704715456788527;5.778223010617742e-07;5;success
|f(x_i)| < rho;0.7;1e-07;0.5481823466186191;2.9199310414007584e-07;2.8268270278015376e-10;6;success
|f(x_i)| < rho;0.7;1e-11;0.5481822943406678;2.397151528388264e-07;6.765421556309548e-17;7;success
|f(x_i)| < rho;0.7;1e-15;0.5481822943406678;2.397151528388264e-07;6.765421556309548e-17;7;success
|f(x_i)| < rho;0.8;0.01;0.6969192771939103;0.1487372225683954;0.0044348820771053735;2;success
|f(x_i)| < rho;0.8;0.001;0.6082221383908394;0.06004008376532444;0.0005339386927987661;4;success
|f(x_i)| < rho;0.8;0.0001;0.552067671491973;0.0038856168664580526;2.1408204699775734e-05;6;success
|f(x_i)| < rho;0.8;1e-05;0.548257909478362;7.585485284700155e-05;4.090152143490294e-07;7;success
|f(x_i)| < rho;0.8;1e-07;0.5481823205214771;2.658959621371082e-07;1.415675754927329e-10;8;success
|f(x_i)| < rho;0.8;1e-11;0.5481822943406583;2.397151434019307e-07;1.6534083130403943e-17;9;success
|f(x_i)| < rho;0.8;1e-15;0.5481822943406583;2.397151434019307e-07;1.6534083130403943e-17;9;success
|f(x_i)| < rho;0.9;0.01;0.7317411388435239;0.18355908421800893;0.009228820459153488;3;success
|f(x_i)| < rho;0.9;0.001;0.5968250126306065;0.04864295800509155;0.0003820327295970263;6;success
|f(x_i)| < rho;0.9;0.0001;0.5645186342922273;0.016336579666712314;9.693236801438592e-05;7;success
|f(x_i)| < rho;0.9;1e-05;0.5498093213782295;0.001627266752714518;8.865116732275204e-06;8;success
|f(x_i)| < rho;0.9;1e-07;0.54819489286493;1.2838239415002839e-05;6.812792378381634e-08;9;success
|f(x_i)| < rho;0.9;1e-11;0.5481822950662542;2.4044073920759246e-07;3.9235307982155715e-12;10;success
|f(x_i)| < rho;0.9;1e-15;0.5481822943406552;2.397151402933062e-07;-2.168404344971009e-19;11;success
|f(x_i)| < rho;1.0;0.01;0.7082652881726611;0.16008323354714615;0.005654505749359805;5;success
|f(x_i)| < rho;1.0;0.001;0.6177309144049283;0.06954885977941339;0.000691604463943115;7;success
|f(x_i)| < rho;1.0;0.0001;0.5550302035441717;0.006848148918656705;3.832998291545139e-05;9;success
|f(x_i)| < rho;1.0;1e-05;0.5484314333731128;0.0002493787475978948;1.3487100439472374e-06;10;success
|f(x_i)| < rho;1.0;1e-07;0.5481825798293267;5.25203811774233e-07;1.543724915313658e-09;11;success
|f(x_i)| < rho;1.0;1e-11;0.5481822943410277;2.3971551277313097e-07;2.013810667701732e-15;12;success
|f(x_i)| < rho;1.0;1e-15;0.5481822943406552;2.397151402933062e-07;-2.168404344971009e-19;13;success
