criterion;starting_point_x0;starting_point_x1;tolerance_rho;found_root;abs_error;function_value_f(x);iteration_count;status
|x_i+1 - x_i| < rho;1.0;-0.5;0.01;0.9988990068736744;0.45071695224815944;0.9836117770325497;2;success
|x_i+1 - x_i| < rho;1.0;-0.5;0.001;0.9988990068736744;0.45071695224815944;0.9836117770325497;2;success
|x_i+1 - x_i| < rho;1.0;-0.5;0.0001;0.5481823029595182;2.4833400324997257e-07;4.660477963291422e-11;18;success
|x_i+1 - x_i| < rho;1.0;-0.5;1e-05;0.5481823029595182;2.4833400324997257e-07;4.660477963291422e-11;18;success
|x_i+1 - x_i| < rho;1.0;-0.5;1e-07;0.5481822943408837;2.397153687772047e-07;1.235394165438608e-15;19;success
|x_i+1 - x_i| < rho;1.0;-0.5;1e-11;0.5481822943406552;2.397151402933062e-07;-2.168404344971009e-19;20;success
|x_i+1 - x_i| < rho;1.0;-0.5;1e-15;0.5481822943406552;2.397151402933062e-07;-2.168404344971009e-19;21;success
|x_i+1 - x_i| < rho;0.9;-0.5;0.01;0.899787645426036;0.351605590800521;0.20516349786511495;2;success
|x_i+1 - x_i| < rho;0.9;-0.5;0.001;0.899787645426036;0.351605590800521;0.20516349786511495;2;success
|x_i+1 - x_i| < rho;0.9;-0.5;0.0001;0.5481822960487447;2.4142322974096686e-07;9.236151950133172e-12;16;success
|x_i+1 - x_i| < rho;0.9;-0.5;1e-05;0.5481822960487447;2.4142322974096686e-07;9.236151950133172e-12;16;success
|x_i+1 - x_i| < rho;0.9;-0.5;1e-07;0.5481822943406719;2.397151569466516e-07;8.993457020767259e-17;17;success
|x_i+1 - x_i| < rho;0.9;-0.5;1e-11;0.5481822943406552;2.397151402933062e-07;-2.168404344971009e-19;18;success
|x_i+1 - x_i| < rho;0.9;-0.5;1e-15;0.5481822943406552;2.397151402933062e-07;-2.168404344971009e-19;19;success
|x_i+1 - x_i| < rho;0.9;1.0;0.01;0.5484202016044613;0.00023814697894630754;1.2878404531384838e-06;13;success
|x_i+1 - x_i| < rho;0.9;1.0;0.001;0.5481858115301085;3.7569045935326173e-06;1.901880434310697e-08;14;success
|x_i+1 - x_i| < rho;0.9;1.0;0.0001;0.5481822981766216;2.4355110661566926e-07;2.074222095623489e-11;15;success
|x_i+1 - x_i| < rho;0.9;1.0;1e-05;0.5481822981766216;2.4355110661566926e-07;2.074222095623489e-11;15;success
|x_i+1 - x_i| < rho;0.9;1.0;1e-07;0.548182294340717;2.397152020217064e-07;3.3351414078369723e-16;16;success
|x_i+1 - x_i| < rho;0.9;1.0;1e-11;0.5481822943406552;2.397151402933062e-07;-2.168404344971009e-19;17;success
|x_i+1 - x_i| < rho;0.9;1.0;1e-15;0.5481822943406552;2.397151402933062e-07;-2.168404344971009e-19;18;success
|x_i+1 - x_i| < rho;0.8;-0.5;0.01;0.7999662766280525;0.2517842220025376;0.03516090143712974;2;success
|x_i+1 - x_i| < rho;0.8;-0.5;0.001;0.7999662766280525;0.2517842220025376;0.03516090143712974;2;success
|x_i+1 - x_i| < rho;0.8;-0.5;0.0001;0.7999662766280525;0.2517842220025376;0.03516090143712974;2;success
|x_i+1 - x_i| < rho;0.8;-0.5;1e-05;0.5481822943574571;2.397319421865163e-07;9.085280813260488e-14;14;success
|x_i+1 - x_i| < rho;0.8;-0.5;1e-07;0.5481822943406552;2.397151402933062e-07;-2.168404344971009e-19;15;success
|x_i+1 - x_i| < rho;0.8;-0.5;1e-11;0.5481822943406552;2.397151402933062e-07;-2.168404344971009e-19;16;success
|x_i+1 - x_i| < rho;0.8;-0.5;1e-15;0.5481822943406552;2.397151402933062e-07;-2.168404344971009e-19;16;success
|x_i+1 - x_i| < rho;0.8;1.0;0.01;0.7861486364803978;0.23796658185488284;0.027073477212631567;2;success
|x_i+1 - x_i| < rho;0.8;1.0;0.001;0.5481898146965549;7.760071039975003e-06;4.0666218420701305e-08;12;success
|x_i+1 - x_i| < rho;0.8;1.0;0.0001;0.5481823074599502;2.528344352770162e-07;7.093996828226416e-11;13;success
|x_i+1 - x_i| < rho;0.8;1.0;1e-05;0.5481823074599502;2.528344352770162e-07;7.093996828226416e-11;13;success
|x_i+1 - x_i| < rho;0.8;1.0;1e-07;0.5481822943411062;2.397155912658988e-07;2.438289370756963e-15;14;success
|x_i+1 - x_i| < rho;0.8;1.0;1e-11;0.5481822943406552;2.397151402933062e-07;-2.168404344971009e-19;15;success
|x_i+1 - x_i| < rho;0.8;1.0;1e-15;0.5481822943406552;2.397151402933062e-07;-2.168404344971009e-19;16;success
|x_i+1 - x_i| < rho;0.7;-0.5;0.01;0.699995806132654;0.15181375150713905;0.004738873301204448;2;success
|x_i+1 - x_i| < rho;0.7;-0.5;0.001;0.699995806132654;0.15181375150713905;0.004738873301204448;2;success
|x_i+1 - x_i| < rho;0.7;-0.5;0.0001;0.699995806132654;0.15181375150713905;0.004738873301204448;2;success
|x_i+1 - x_i| < rho;0.7;-0.5;1e-05;0.699995806132654;0.15181375150713905;0.004738873301204448;2;success
|x_i+1 - x_i| < rho;0.7;-0.5;1e-07;0.5481822943406556;2.397151406263731e-07;1.6263032587282567e-18;12;success
|x_i+1 - x_i| < rho;0.7;-0.5;1e-11;0.5481822943406552;2.397151402933062e-07;-2.168404344971009e-19;13;success
|x_i+1 - x_i| < rho;0.7;-0.5;1e-15;0.5481822943406552;2.397151402933062e-07;-2.168404344971009e-19;13;success
|x_i+1 - x_i| < rho;0.7;1.0;0.01;0.6971797359723731;0.1489976813468582;0.004459899558312258;2;success
|x_i+1 - x_i| < rho;0.7;1.0;0.001;0.5481826059936995;5.513681845537022e-07;1.6852039149718983e-09;10;success
|x_i+1 - x_i| < rho;0.7;1.0;0.0001;0.5481826059936995;5.513681845537022e-07;1.6852039149718983e-09;10;success
|x_i+1 - x_i| < rho;0.7;1.0;1e-05;0.5481822944164197;2.397909047990865e-07;4.0968133562229586e-13;11;success
|x_i+1 - x_i| < rho;0.7;1.0;1e-07;0.5481822943406554;2.397151404043285e-07;3.9302328752599536e-19;12;success
|x_i+1 - x_i| < rho;0.7;1.0;1e-11;0.5481822943406552;2.397151402933062e-07;-2.168404344971009e-19;13;success
|x_i+1 - x_i| < rho;0.7;1.0;1e-15;0.5481822943406552;2.397151402933062e-07;-2.168404344971009e-19;13;success
|x_i+1 - x_i| < rho;0.6;-0.5;0.01;0.5999996586349466;0.051817604009431695;0.0004208167554438267;2;success
|x_i+1 - x_i| < rho;0.6;-0.5;0.001;0.5999996586349466;0.051817604009431695;0.0004208167554438267;2;success
|x_i+1 - x_i| < rho;0.6;-0.5;0.0001;0.5999996586349466;0.051817604009431695;0.0004208167554438267;2;success
|x_i+1 - x_i| < rho;0.6;-0.5;1e-05;0.5999996586349466;0.051817604009431695;0.0004208167554438267;2;success
|x_i+1 - x_i| < rho;0.6;-0.5;1e-07;0.5481822943480668;2.397225518091517e-07;4.007615094815675e-14;8;success
|x_i+1 - x_i| < rho;0.6;-0.5;1e-11;0.5481822943406552;2.397151402933062e-07;-2.168404344971009e-19;9;success
|x_i+1 - x_i| < rho;0.6;-0.5;1e-15;0.5481822943406552;2.397151402933062e-07;-2.168404344971009e-19;10;success
|x_i+1 - x_i| < rho;0.6;1.0;0.01;0.5996639801007128;0.05148192547519781;0.0004165956070539913;2;success
|x_i+1 - x_i| < rho;0.6;1.0;0.001;0.5996639801007128;0.05148192547519781;0.0004165956070539913;2;success
|x_i+1 - x_i| < rho;0.6;1.0;0.0001;0.5481823613769994;3.0675148443570777e-07;3.624857363598334e-10;7;success
|x_i+1 - x_i| < rho;0.6;1.0;1e-05;0.5481822943472364;2.397217214733516e-07;3.5586171596296845e-14;8;success
|x_i+1 - x_i| < rho;0.6;1.0;1e-07;0.5481822943472364;2.397217214733516e-07;3.5586171596296845e-14;8;success
|x_i+1 - x_i| < rho;0.6;1.0;1e-11;0.5481822943406552;2.397151402933062e-07;-2.168404344971009e-19;9;success
|x_i+1 - x_i| < rho;0.6;1.0;1e-15;0.5481822943406552;2.397151402933062e-07;-2.168404344971009e-19;10;success
|x_i+1 - x_i| < rho;0.5;-0.5;0.01;0.5000001814296545;0.048181873195860425;-0.0002460235879057796;2;success
|x_i+1 - x_i| < rho;0.5;-0.5;0.001;0.5000001814296545;0.048181873195860425;-0.0002460235879057796;2;success
|x_i+1 - x_i| < rho;0.5;-0.5;0.0001;0.5000001814296545;0.048181873195860425;-0.0002460235879057796;2;success
|x_i+1 - x_i| < rho;0.5;-0.5;1e-05;0.5000001814296545;0.048181873195860425;-0.0002460235879057796;2;success
|x_i+1 - x_i| < rho;0.5;-0.5;1e-07;0.5000001814296545;0.048181873195860425;-0.0002460235879057796;2;success
|x_i+1 - x_i| < rho;0.5;-0.5;1e-11;0.5481822943406552;2.397151402933062e-07;-2.168404344971009e-19;8;success
|x_i+1 - x_i| < rho;0.5;-0.5;1e-15;0.5481822943406552;2.397151402933062e-07;-2.168404344971009e-19;9;success
|x_i+1 - x_i| < rho;0.5;1.0;0.01;0.5002455889203732;0.04793646570514176;-0.0002446467956029483;2;success
|x_i+1 - x_i| < rho;0.5;1.0;0.001;0.5002455889203732;0.04793646570514176;-0.0002446467956029483;2;success
|x_i+1 - x_i| < rho;0.5;1.0;0.0001;0.5481822912332123;2.3660769732369857e-07;-1.6802876405259785e-11;6;success
|x_i+1 - x_i| < rho;0.5;1.0;1e-05;0.5481822912332123;2.3660769732369857e-07;-1.6802876405259785e-11;6;success
|x_i+1 - x_i| < rho;0.5;1.0;1e-07;0.5481822943407058;2.397151908084538e-07;2.730427646133182e-16;7;success
|x_i+1 - x_i| < rho;0.5;1.0;1e-11;0.5481822943406552;2.397151402933062e-07;-2.168404344971009e-19;8;success
|x_i+1 - x_i| < rho;0.5;1.0;1e-15;0.5481822943406552;2.397151402933062e-07;-2.168404344971009e-19;9;success
|x_i+1 - x_i| < rho;0.4;-0.5;0.01;0.40000098637463477;0.14818106825088018;-0.0014861530748746727;2;success
|x_i+1 - x_i| < rho;0.4;-0.5;0.001;0.40000098637463477;0.14818106825088018;-0.0014861530748746727;2;success
|x_i+1 - x_i| < rho;0.4;-0.5;0.0001;0.40000098637463477;0.14818106825088018;-0.0014861530748746727;2;success
|x_i+1 - x_i| < rho;0.4;-0.5;1e-05;0.40000098637463477;0.14818106825088018;-0.0014861530748746727;2;success
|x_i+1 - x_i| < rho;0.4;-0.5;1e-07;0.5481822943371693;2.397116543040312e-07;-1.8849898313251512e-14;9;success
|x_i+1 - x_i| < rho;0.4;-0.5;1e-11;0.5481822943406552;2.397151402933062e-07;-2.168404344971009e-19;10;success
|x_i+1 - x_i| < rho;0.4;-0.5;1e-15;0.5481822943406552;2.397151402933062e-07;-2.168404344971009e-19;11;success
|x_i+1 - x_i| < rho;0.4;1.0;0.01;0.4017663361993081;0.14641571842620682;-0.0014429530201150933;2;success
|x_i+1 - x_i| < rho;0.4;1.0;0.001;0.4017663361993081;0.14641571842620682;-0.0014429530201150933;2;success
|x_i+1 - x_i| < rho;0.4;1.0;0.0001;0.5481822832611699;2.2863565496411553e-07;-5.991009846149833e-11;8;success
|x_i+1 - x_i| < rho;0.4;1.0;1e-05;0.5481822943400636;2.397145486554564e-07;-3.199385743314631e-15;9;success
|x_i+1 - x_i| < rho;0.4;1.0;1e-07;0.5481822943400636;2.397145486554564e-07;-3.199385743314631e-15;9;success
|x_i+1 - x_i| < rho;0.4;1.0;1e-11;0.5481822943406552;2.397151402933062e-07;-2.168404344971009e-19;10;success
|x_i+1 - x_i| < rho;0.4;1.0;1e-15;0.5481822943406552;2.397151402933062e-07;-2.168404344971009e-19;11;success
|x_i+1 - x_i| < rho;0.3;-0.5;0.01;0.30000458760332976;0.24817746702218518;-0.0077756971642898645;2;success
|x_i+1 - x_i| < rho;0.3;-0.5;0.001;0.30000458760332976;0.24817746702218518;-0.0077756971642898645;2;success
|x_i+1 - x_i| < rho;0.3;-0.5;0.0001;0.30000458760332976;0.24817746702218518;-0.0077756971642898645;2;success
|x_i+1 - x_i| < rho;0.3;-0.5;1e-05;0.30000458760332976;0.24817746702218518;-0.0077756971642898645;2;success
|x_i+1 - x_i| < rho;0.3;-0.5;1e-07;0.5481822943407489;2.397152339961295e-07;5.06403729713667e-16;12;success
|x_i+1 - x_i| < rho;0.3;-0.5;1e-11;0.5481822943406552;2.397151402933062e-07;-2.168404344971009e-19;13;success
|x_i+1 - x_i| < rho;0.3;-0.5;1e-15;0.5481822943406552;2.397151402933062e-07;-2.168404344971009e-19;14;success
|x_i+1 - x_i| < rho;0.3;1.0;0.01;0.3103090634004115;0.23787299122510347;-0.006564025116430877;2;success
|x_i+1 - x_i| < rho;0.3;1.0;0.001;0.5481816268926495;4.2773286546005096e-07;-3.609080612151732e-09;10;success
|x_i+1 - x_i| < rho;0.3;1.0;0.0001;0.54818229403515;2.394096350055719e-07;-1.6519589922337971e-12;11;success
|x_i+1 - x_i| < rho;0.3;1.0;1e-05;0.54818229403515;2.394096350055719e-07;-1.6519589922337971e-12;11;success
|x_i+1 - x_i| < rho;0.3;1.0;1e-07;0.5481822943406562;2.3971514129250693e-07;5.312590645178972e-18;12;success
|x_i+1 - x_i| < rho;0.3;1.0;1e-11;0.5481822943406552;2.397151402933062e-07;-2.168404344971009e-19;13;success
|x_i+1 - x_i| < rho;0.3;1.0;1e-15;0.5481822943406552;2.397151402933062e-07;-2.168404344971009e-19;13;success
|x_i+1 - x_i| < rho;0.2;-0.5;0.01;0.20002055928421592;0.34816149534129903;-0.03981635024651574;2;success
|x_i+1 - x_i| < rho;0.2;-0.5;0.001;0.20002055928421592;0.34816149534129903;-0.03981635024651574;2;success
|x_i+1 - x_i| < rho;0.2;-0.5;0.0001;0.20002055928421592;0.34816149534129903;-0.03981635024651574;2;success
|x_i+1 - x_i| < rho;0.2;-0.5;1e-05;0.548182294342699;2.3971718410287224e-07;1.1051394716889151e-14;14;success
|x_i+1 - x_i| < rho;0.2;-0.5;1e-07;0.548182294342699;2.3971718410287224e-07;1.1051394716889151e-14;14;success
|x_i+1 - x_i| < rho;0.2;-0.5;1e-11;0.5481822943406552;2.397151402933062e-07;-2.168404344971009e-19;15;success
|x_i+1 - x_i| < rho;0.2;-0.5;1e-15;0.5481822943406552;2.397151402933062e-07;-2.168404344971009e-19;16;success
|x_i+1 - x_i| < rho;0.2;1.0;0.01;0.5481665422157735;1.5512409741402777e-05;-8.51703354089417e-08;11;success
|x_i+1 - x_i| < rho;0.2;1.0;0.001;0.5481665422157735;1.5512409741402777e-05;-8.51703354089417e-08;11;success
|x_i+1 - x_i| < rho;0.2;1.0;0.0001;0.548182266626869;2.120013540274357e-07;-1.4985673842788337e-10;12;success
|x_i+1 - x_i| < rho;0.2;1.0;1e-05;0.5481822943426499;2.3971713491999225e-07;1.078529084617974e-14;13;success
|x_i+1 - x_i| < rho;0.2;1.0;1e-07;0.5481822943426499;2.3971713491999225e-07;1.078529084617974e-14;13;success
|x_i+1 - x_i| < rho;0.2;1.0;1e-11;0.5481822943406552;2.397151402933062e-07;-2.168404344971009e-19;14;success
|x_i+1 - x_i| < rho;0.2;1.0;1e-15;0.5481822943406552;2.397151402933062e-07;-2.168404344971009e-19;15;success
|x_i+1 - x_i| < rho;0.1;-0.5;0.01;0.10008883312965614;0.44809322149585884;-0.20052993914749967;2;success
|x_i+1 - x_i| < rho;0.1;-0.5;0.001;0.10008883312965614;0.44809322149585884;-0.20052993914749967;2;success
|x_i+1 - x_i| < rho;0.1;-0.5;0.0001;0.10008883312965614;0.44809322149585884;-0.20052993914749967;2;success
|x_i+1 - x_i| < rho;0.1;-0.5;1e-05;0.5481822943258499;2.397003349141613e-07;-8.005728512842231e-14;16;success
|x_i+1 - x_i| < rho;0.1;-0.5;1e-07;0.5481822943258499;2.397003349141613e-07;-8.005728512842231e-14;16;success
|x_i+1 - x_i| < rho;0.1;-0.5;1e-11;0.5481822943406552;2.397151402933062e-07;-2.168404344971009e-19;18;success
|x_i+1 - x_i| < rho;0.1;-0.5;1e-15;0.5481822943406552;2.397151402933062e-07;-2.168404344971009e-19;18;success
|x_i+1 - x_i| < rho;0.1;1.0;0.01;0.5484131675750212;0.0002311129495062847;1.2497233589596192e-06;10;success
|x_i+1 - x_i| < rho;0.1;1.0;0.001;0.5481788886552067;3.1659703082498325e-06;-1.8415276420712416e-08;11;success
|x_i+1 - x_i| < rho;0.1;1.0;0.0001;0.5481822907367675;2.3611125254952015e-07;-1.9487302071498347e-11;12;success
|x_i+1 - x_i| < rho;0.1;1.0;1e-05;0.5481822907367675;2.3611125254952015e-07;-1.9487302071498347e-11;12;success
|x_i+1 - x_i| < rho;0.1;1.0;1e-07;0.5481822943407113;2.3971519635956895e-07;3.030751647911667e-16;13;success
|x_i+1 - x_i| < rho;0.1;1.0;1e-11;0.5481822943406552;2.397151402933062e-07;-2.168404344971009e-19;14;success
|x_i+1 - x_i| < rho;0.1;1.0;1e-15;0.5481822943406552;2.397151402933062e-07;-2.168404344971009e-19;15;success
|x_i+1 - x_i| < rho;0.0;-0.5;0.01;0.0003683831155416789;0.5478136715099733;-0.994123138986264;2;success
|x_i+1 - x_i| < rho;0.0;-0.5;0.001;0.0003683831155416789;0.5478136715099733;-0.994123138986264;2;success
|x_i+1 - x_i| < rho;0.0;-0.5;0.0001;0.5481822903793755;2.3575386054464076e-07;-2.1419827974582077e-11;18;success
|x_i+1 - x_i| < rho;0.0;-0.5;1e-05;0.5481822903793755;2.3575386054464076e-07;-2.1419827974582077e-11;18;success
|x_i+1 - x_i| < rho;0.0;-0.5;1e-07;0.548182294340721;2.3971520601850926e-07;3.5518463170625125e-16;19;success
|x_i+1 - x_i| < rho;0.0;-0.5;1e-11;0.5481822943406552;2.397151402933062e-07;-2.168404344971009e-19;20;success
|x_i+1 - x_i| < rho;0.0;-0.5;1e-15;0.5481822943406552;2.397151402933062e-07;-2.168404344971009e-19;21;success
|x_i+1 - x_i| < rho;0.0;1.0;0.01;0.5001229820468647;0.048059072578650275;-0.00024533424976402114;2;success
|x_i+1 - x_i| < rho;0.0;1.0;0.001;0.5001229820468647;0.048059072578650275;-0.00024533424976402114;2;success
|x_i+1 - x_i| < rho;0.0;1.0;0.0001;0.5481822911936356;2.3656812064842825e-07;-1.701687930648864e-11;6;success
|x_i+1 - x_i| < rho;0.0;1.0;1e-05;0.5481822911936356;2.3656812064842825e-07;-1.701687930648864e-11;6;success
|x_i+1 - x_i| < rho;0.0;1.0;1e-07;0.548182294340707;2.3971519202969915e-07;2.795750827025434e-16;7;success
|x_i+1 - x_i| < rho;0.0;1.0;1e-11;0.5481822943406552;2.397151402933062e-07;-2.168404344971009e-19;8;success
|x_i+1 - x_i| < rho;0.0;1.0;1e-15;0.5481822943406552;2.397151402933062e-07;-2.168404344971009e-19;9;success
|x_i+1 - x_i| < rho;-0.1;-0.5;0.01;-0.0985502473005042;0.6467323019260192;-4.817451544560622;2;success
|x_i+1 - x_i| < rho;-0.1;-0.5;0.001;-0.0985502473005042;0.6467323019260192;-4.817451544560622;2;success
|x_i+1 - x_i| < rho;-0.1;-0.5;0.0001;0.5481822678823738;2.1325685883866186e-07;-1.4306784905805236e-10;20;success
|x_i+1 - x_i| < rho;-0.1;-0.5;1e-05;0.5481822943423396;2.3971682461265686e-07;9.107447326676954e-15;21;success
|x_i+1 - x_i| < rho;-0.1;-0.5;1e-07;0.5481822943423396;2.3971682461265686e-07;9.107447326676954e-15;21;success
|x_i+1 - x_i| < rho;-0.1;-0.5;1e-11;0.5481822943406552;2.397151402933062e-07;-2.168404344971009e-19;22;success
|x_i+1 - x_i| < rho;-0.1;-0.5;1e-15;0.5481822943406552;2.397151402933062e-07;-2.168404344971009e-19;23;success
|x_i+1 - x_i| < rho;-0.1;1.0;0.01;0.8055409211174317;0.25735886649191675;0.039021312428848265;2;success
|x_i+1 - x_i| < rho;-0.1;1.0;0.001;0.5481828490846681;7.944591531305889e-07;2.9996749209315913e-09;13;success
|x_i+1 - x_i| < rho;-0.1;1.0;0.0001;0.5481828490846681;7.944591531305889e-07;2.9996749209315913e-09;13;success
|x_i+1 - x_i| < rho;-0.1;1.0;1e-05;0.5481822945337234;2.3990820841035543e-07;1.043976957291158e-12;14;success
|x_i+1 - x_i| < rho;-0.1;1.0;1e-07;0.5481822943406558;2.397151408484177e-07;2.846030702774449e-18;15;success
|x_i+1 - x_i| < rho;-0.1;1.0;1e-11;0.5481822943406552;2.397151402933062e-07;-2.168404344971009e-19;16;success
|x_i+1 - x_i| < rho;-0.1;1.0;1e-15;0.5481822943406552;2.397151402933062e-07;-2.168404344971009e-19;16;success
|x_i+1 - x_i| < rho;-0.2;-0.5;0.01;-0.19470990192481888;0.7428919565503338;-22.16583024315436;2;success
|x_i+1 - x_i| < rho;-0.2;-0.5;0.001;0.548171399151338;1.0655474177001523e-05;-5.8910624704621274e-08;21;success
|x_i+1 - x_i| < rho;-0.2;-0.5;0.0001;0.5481822833917731;2.2876625815904106e-07;-5.92038878588063e-11;22;success
|x_i+1 - x_i| < rho;-0.2;-0.5;1e-05;0.5481822943412004;2.397156854128113e-07;2.9473765008475317e-15;23;success
|x_i+1 - x_i| < rho;-0.2;-0.5;1e-07;0.5481822943412004;2.397156854128113e-07;2.9473765008475317e-15;23;success
|x_i+1 - x_i| < rho;-0.2;-0.5;1e-11;0.5481822943406552;2.397151402933062e-07;-2.168404344971009e-19;24;success
|x_i+1 - x_i| < rho;-0.2;-0.5;1e-15;0.5481822943406552;2.397151402933062e-07;-2.168404344971009e-19;25;success
|x_i+1 - x_i| < rho;-0.2;1.0;0.01;0.5490175647693795;0.0008355101438645152;4.534051634017314e-06;14;success
|x_i+1 - x_i| < rho;-0.2;1.0;0.001;0.5482094668563479;2.7412230832912776e-05;1.469481990628408e-07;15;success
|x_i+1 - x_i| < rho;-0.2;1.0;0.0001;0.5481823992171305;3.4459161557531814e-07;5.670988393371426e-10;16;success
|x_i+1 - x_i| < rho;-0.2;1.0;1e-05;0.5481822943536833;2.3972816831641097e-07;7.044623944515299e-14;17;success
|x_i+1 - x_i| < rho;-0.2;1.0;1e-07;0.5481822943406552;2.397151402933062e-07;-2.168404344971009e-19;18;success
|x_i+1 - x_i| < rho;-0.2;1.0;1e-11;0.5481822943406552;2.397151402933062e-07;-2.168404344971009e-19;19;success
|x_i+1 - x_i| < rho;-0.2;1.0;1e-15;0.5481822943406552;2.397151402933062e-07;-2.168404344971009e-19;19;success
|x_i+1 - x_i| < rho;-0.3;-0.5;0.01;-0.28285382185691704;0.8310358764824319;-89.29044403077225;2;success
|x_i+1 - x_i| < rho;-0.3;-0.5;0.001;0.5481780011286844;4.053496830525027e-06;-2.3214229775218843e-08;23;success
|x_i+1 - x_i| < rho;-0.3;-0.5;0.0001;0.5481780011286844;4.053496830525027e-06;-2.3214229775218843e-08;23;success
|x_i+1 - x_i| < rho;-0.3;-0.5;1e-05;0.5481822927628277;2.381373127580133e-07;-8.531787011904421e-12;24;success
|x_i+1 - x_i| < rho;-0.3;-0.5;1e-07;0.5481822943406862;2.397151712685286e-07;1.6736015785029368e-16;25;success
|x_i+1 - x_i| < rho;-0.3;-0.5;1e-11;0.5481822943406552;2.397151402933062e-07;-2.168404344971009e-19;26;success
|x_i+1 - x_i| < rho;-0.3;-0.5;1e-15;0.5481822943406552;2.397151402933062e-07;-2.168404344971009e-19;27;success
|x_i+1 - x_i| < rho;-0.3;1.0;0.01;0.5483968448183014;0.0002147901927864737;1.1612805970300655e-06;15;success
|x_i+1 - x_i| < rho;-0.3;1.0;0.001;0.548185268717117;3.214091602088409e-06;1.6083564556378495e-08;16;success
|x_i+1 - x_i| < rho;-0.3;1.0;0.0001;0.548182297265231;2.426397160970595e-07;1.5814058775594914e-11;17;success
|x_i+1 - x_i| < rho;-0.3;1.0;1e-05;0.548182297265231;2.426397160970595e-07;1.5814058775594914e-11;17;success
|x_i+1 - x_i| < rho;-0.3;1.0;1e-07;0.5481822943406951;2.397151801503128e-07;2.154038666185576e-16;18;success
|x_i+1 - x_i| < rho;-0.3;1.0;1e-11;0.5481822943406552;2.397151402933062e-07;-2.168404344971009e-19;19;success
|x_i+1 - x_i| < rho;-0.3;1.0;1e-15;0.5481822943406552;2.397151402933062e-07;-2.168404344971009e-19;20;success
|x_i+1 - x_i| < rho;-0.4;-0.5;0.01;0.5485895759788125;0.00040752135329757966;2.2064224107004517e-06;24;success
|x_i+1 - x_i| < rho;-0.4;-0.5;0.001;0.5481695371038342;1.2517521680743826e-05;-6.897818622960772e-08;25;success
|x_i+1 - x_i| < rho;-0.4;-0.5;0.0001;0.5481822704747321;2.1584921716666372e-07;-1.2905019300358742e-10;26;success
|x_i+1 - x_i| < rho;-0.4;-0.5;1e-05;0.5481822943420465;2.3971653151377836e-07;7.5225741434648e-15;27;success
|x_i+1 - x_i| < rho;-0.4;-0.5;1e-07;0.5481822943420465;2.3971653151377836e-07;7.5225741434648e-15;27;success
|x_i+1 - x_i| < rho;-0.4;-0.5;1e-11;0.5481822943406552;2.397151402933062e-07;-2.168404344971009e-19;28;success
|x_i+1 - x_i| < rho;-0.4;-0.5;1e-15;0.5481822943406552;2.397151402933062e-07;-2.168404344971009e-19;29;success
|x_i+1 - x_i| < rho;-0.4;1.0;0.01;0.9975256287944745;0.44934357416895954;0.9635204529088883;1;success
|x_i+1 - x_i| < rho;-0.4;1.0;0.001;0.5481877077013104;5.65307579547536e-06;2.9272389444939188e-08;16;success
|x_i+1 - x_i| < rho;-0.4;1.0;0.0001;0.54818230204894;2.474234250815499e-07;4.168100990764069e-11;17;success
|x_i+1 - x_i| < rho;-0.4;1.0;1e-05;0.54818230204894;2.474234250815499e-07;4.168100990764069e-11;17;success
|x_i+1 - x_i| < rho;-0.4;1.0;1e-07;0.548182294340846;2.3971533102962184e-07;1.0312388963595875e-15;18;success
|x_i+1 - x_i| < rho;-0.4;1.0;1e-11;0.5481822943406552;2.397151402933062e-07;-2.168404344971009e-19;19;success
|x_i+1 - x_i| < rho;-0.4;1.0;1e-15;0.5481822943406552;2.397151402933062e-07;-2.168404344971009e-19;20;success
|x_i+1 - x_i| < rho;-0.5;1.0;0.01;0.9994471194957838;0.45126506487026885;0.9917388115668021;1;success
|x_i+1 - x_i| < rho;-0.5;1.0;0.001;0.9994471194957838;0.45126506487026885;0.9917388115668021;1;success
|x_i+1 - x_i| < rho;-0.5;1.0;0.0001;0.5481823038103749;2.491848599683877e-07;5.1205617532051016e-11;17;success
|x_i+1 - x_i| < rho;-0.5;1.0;1e-05;0.5481823038103749;2.491848599683877e-07;5.1205617532051016e-11;17;success
|x_i+1 - x_i| < rho;-0.5;1.0;1e-07;0.5481822943409214;2.397154064137652e-07;1.4387362828882644e-15;18;success
|x_i+1 - x_i| < rho;-0.5;1.0;1e-11;0.5481822943406552;2.397151402933062e-07;-2.168404344971009e-19;19;success
|x_i+1 - x_i| < rho;-0.5;1.0;1e-15;0.5481822943406552;2.397151402933062e-07;-2.168404344971009e-19;20;success
|f(x_i)| < rho;1.0;-0.5;0.01;0.703748138266097;0.155566083640582;0.00513578992490668;9;success
|f(x_i)| < rho;1.0;-0.5;0.001;0.6107241769605631;0.06254212233504819;0.0005724031918605253;12;success
|f(x_i)| < rho;1.0;-0.5;0.0001;0.5637725528707904;0.015590498245275475;9.204264021523125e-05;14;success
|f(x_i)| < rho;1.0;-0.5;1e-05;0.5485060771306269;0.00032402250511198716;1.753396037326084e-06;16;success
|f(x_i)| < rho;1.0;-0.5;1e-07;0.5481880943920839;6.039766568988192e-06;3.1363449642615206e-08;17;success
|f(x_i)| < rho;1.0;-0.5;1e-11;0.5481822943408837;2.397153687772047e-07;1.235394165438608e-15;19;success
|f(x_i)| < rho;1.0;-0.5;1e-15;0.5481822943406552;2.397151402933062e-07;-2.168404344971009e-19;20;success
|f(x_i)| < rho;0.9;-0.5;0.01;0.7318313586883081;0.18364930406279312;0.009245919415711732;6;success
|f(x_i)| < rho;0.9;-0.5;0.001;0.6055191390378651;0.05733708441235019;0.0004945940993439366;10;success
|f(x_i)| < rho;0.9;-0.5;0.0001;0.5607724675720643;0.01259041294654939;7.289968453073938e-05;12;success
|f(x_i)| < rho;0.9;-0.5;1e-05;0.5483570827584722;0.0001750281329572223;9.458906879048721e-07;14;success
|f(x_i)| < rho;0.9;-0.5;1e-07;0.5481844278182384;2.3731927234482697e-06;1.1536465879013785e-08;15;success
|f(x_i)| < rho;0.9;-0.5;1e-11;0.5481822960487447;2.4142322974096686e-07;9.236151950133172e-12;16;success
|f(x_i)| < rho;0.9;-0.5;1e-15;0.5481822943406719;2.397151569466516e-07;8.993457020767259e-17;17;success
|f(x_i)| < rho;0.9;1.0;0.01;0.7345058750135378;0.18632382038802286;0.009766420258136425;5;success
|f(x_i)| < rho;0.9;1.0;0.001;0.608040734733824;0.05985868010830908;0.0005312278415071873;9;success
|f(x_i)| < rho;0.9;1.0;0.0001;0.562194967190471;0.01401291256495607;8.187549550597712e-05;11;success
|f(x_i)| < rho;0.9;1.0;1e-05;0.5484202016044613;0.00023814697894630754;1.2878404531384838e-06;13;success
|f(x_i)| < rho;0.9;1.0;1e-07;0.5481858115301085;3.7569045935326173e-06;1.901880434310697e-08;14;success
|f(x_i)| < rho;0.9;1.0;1e-11;0.548182294340717;2.397152020217064e-07;3.3351414078369723e-16;16;success
|f(x_i)| < rho;0.9;1.0;1e-15;0.548182294340717;2.397152020217064e-07;3.3351414078369723e-16;16;success
|f(x_i)| < rho;0.8;-0.5;0.01;0.7172670154195182;0.16908496079400326;0.00683646091203942;4;success
|f(x_i)| < rho;0.8;-0.5;0.001;0.6206362384767405;0.0724541838512256;0.0007464772140025674;7;success
|f(x_i)| < rho;0.8;-0.5;0.0001;0.5549396372418822;0.006757582616367275;3.78041933681097e-05;10;success
|f(x_i)| < rho;0.8;-0.5;1e-05;0.5490684936311501;0.0008864390056351201;4.811655041708516e-06;11;success
|f(x_i)| < rho;0.8;-0.5;1e-07;0.548182417059108;3.624335930263456e-07;6.635758649243531e-10;13;success
|f(x_i)| < rho;0.8;-0.5;1e-11;0.5481822943574571;2.397319421865163e-07;9.085280813260488e-14;14;success
|f(x_i)| < rho;0.8;-0.5;1e-15;0.5481822943406552;2.397151402933062e-07;-2.168404344971009e-19;15;success
|f(x_i)| < rho;0.8;1.0;0.01;0.7067671502852523;0.15858509565973733;0.005477309581324405;4;success
|f(x_i)| < rho;0.8;1.0;0.001;0.6121147917082197;0.06393273708270475;0.0005946752134166979;7;success
|f(x_i)| < rho;0.8;1.0;0.0001;0.5646510386433662;0.01646898401785124;9.780574865593464e-05;9;success
|f(x_i)| < rho;0.8;1.0;1e-05;0.5485621208442336;0.0003800662187186665;2.057424703340432e-06;11;success
|f(x_i)| < rho;0.8;1.0;1e-07;0.5481898146965549;7.760071039975003e-06;4.0666218420701305e-08;12;success
|f(x_i)| < rho;0.8;1.0;1e-11;0.5481822943411062;2.397155912658988e-07;2.438289370756963e-15;14;success
|f(x_i)| < rho;0.8;1.0;1e-15;0.5481822943406552;2.397151402933062e-07;-2.168404344971009e-19;15;success
|f(x_i)| < rho;0.7;-0.5;0.01;0.6999979030172292;0.15181584839171425;0.00473908692870187;1;success
|f(x_i)| < rho;0.7;-0.5;0.001;0.6280939458079706;0.07991189118245567;0.0009039338998047914;4;success
|f(x_i)| < rho;0.7;-0.5;0.0001;0.5572733988041094;0.009091344178594474;5.153667843283937e-05;7;success
|f(x_i)| < rho;0.7;-0.5;1e-05;0.5496687093252554;0.0014866546997404084;8.09352035694062e-06;8;success
|f(x_i)| < rho;0.7;-0.5;1e-07;0.5481827769289486;7.223034336201195e-07;2.6095054471349808e-09;10;success
|f(x_i)| < rho;0.7;-0.5;1e-11;0.5481822944944046;2.398688896398937e-07;8.313686788693e-13;11;success
|f(x_i)| < rho;0.7;-0.5;1e-15;0.5481822943406556;2.397151406263731e-07;1.6263032587282567e-18;12;success
|f(x_i)| < rho;0.7;1.0;0.01;0.6985714394496205;0.15038938482410558;0.0045958069606609805;1;success
|f(x_i)| < rho;0.7;1.0;0.001;0.6260209069574639;0.07783885233194898;0.0008576201633988541;4;success
|f(x_i)| < rho;0.7;1.0;0.0001;0.5564447786155975;0.008262723990082543;4.661624715943681e-05;7;success
|f(x_i)| < rho;0.7;1.0;1e-05;0.5494438143838674;0.0012617597583524098;6.861617686274404e-06;8;success
|f(x_i)| < rho;0.7;1.0;1e-07;0.5481826059936995;5.513681845537022e-07;1.6852039149718983e-09;10;success
|f(x_i)| < rho;0.7;1.0;1e-11;0.5481822944164197;2.397909047990865e-07;4.0968133562229586e-13;11;success
|f(x_i)| < rho;0.7;1.0;1e-15;0.5481822943406554;2.397151404043285e-07;3.9302328752599536e-19;12;success
|f(x_i)| < rho;0.6;-0.5;0.01;0.5999998293170234;0.0518177746915085;0.0004208189091831213;1;success
|f(x_i)| < rho;0.6;-0.5;0.001;0.5999998293170234;0.0518177746915085;0.0004208189091831213;1;success
|f(x_i)| < rho;0.6;-0.5;0.0001;0.554671842362752;0.006489787737237074;3.6252736719686996e-05;4;success
|f(x_i)| < rho;0.6;-0.5;1e-05;0.5488782192267221;0.0006961646012071387;3.775189069654637e-06;5;success
|f(x_i)| < rho;0.6;-0.5;1e-07;0.5481823664804348;3.1185491988772185e-07;3.9008156076201107e-10;7;success
|f(x_i)| < rho;0.6;-0.5;1e-11;0.5481822943480668;2.397225518091517e-07;4.007615094815675e-14;8;success
|f(x_i)| < rho;0.6;-0.5;1e-15;0.5481822943406552;2.397151402933062e-07;-2.168404344971009e-19;9;success
|f(x_i)| < rho;0.6;1.0;0.01;0.5998316007088548;0.051649546083339826;0.0004186997917005269;1;success
|f(x_i)| < rho;0.6;1.0;0.001;0.5998316007088548;0.051649546083339826;0.0004186997917005269;1;success
|f(x_i)| < rho;0.6;1.0;0.0001;0.554566291044355;0.006384236418840006;3.564255485130758e-05;4;success
|f(x_i)| < rho;0.6;1.0;1e-05;0.5488592168988092;0.000677162273294285;3.6717814502903675e-06;5;success
|f(x_i)| < rho;0.6;1.0;1e-07;0.5481823613769994;3.0675148443570777e-07;3.624857363598334e-10;7;success
|f(x_i)| < rho;0.6;1.0;1e-11;0.5481822943472364;2.397217214733516e-07;3.5586171596296845e-14;8;success
|f(x_i)| < rho;0.6;1.0;1e-15;0.5481822943406552;2.397151402933062e-07;-2.168404344971009e-19;9;success
|f(x_i)| < rho;0.5;-0.5;0.01;0.5000000907149171;0.048181963910597814;-0.00024602409742662467;1;success
|f(x_i)| < rho;0.5;-0.5;0.001;0.5000000907149171;0.048181963910597814;-0.00024602409742662467;1;success
|f(x_i)| < rho;0.5;-0.5;0.0001;0.5438020501554152;0.004380004470099785;-2.3247089739344824e-05;3;success
|f(x_i)| < rho;0.5;-0.5;1e-05;0.548372846363272;0.0001907917377570456;1.0312722281079868e-06;4;success
|f(x_i)| < rho;0.5;-0.5;1e-07;0.5481786926062836;3.362019231345492e-06;-1.9475337822950304e-08;5;success
|f(x_i)| < rho;0.5;-0.5;1e-11;0.548182294340707;2.3971519202969915e-07;2.795750827025434e-16;7;success
|f(x_i)| < rho;0.5;-0.5;1e-15;0.548182294340707;2.3971519202969915e-07;2.795750827025434e-16;7;success
|f(x_i)| < rho;0.5;1.0;0.01;0.5001229820468647;0.048059072578650275;-0.00024533424976402114;1;success
|f(x_i)| < rho;0.5;1.0;0.001;0.5001229820468647;0.048059072578650275;-0.00024533424976402114;1;success
|f(x_i)| < rho;0.5;1.0;0.0001;0.5438781398906718;0.004303914734843151;-2.2850147420342575e-05;3;success
|f(x_i)| < rho;0.5;1.0;1e-05;0.5483732944846046;0.00019123985908964247;1.0336996010118624e-06;4;success
|f(x_i)| < rho;0.5;1.0;1e-07;0.5481787429324162;3.3116930987509008e-06;-1.9203218219732403e-08;5;success
|f(x_i)| < rho;0.5;1.0;1e-11;0.5481822943407058;2.397151908084538e-07;2.730427646133182e-16;7;success
|f(x_i)| < rho;0.5;1.0;1e-15;0.5481822943407058;2.397151908084538e-07;2.730427646133182e-16;7;success
|f(x_i)| < rho;0.4;-0.5;0.01;0.40000049318921405;0.1481815614363009;-0.0014861653194285858;1;success
|f(x_i)| < rho;0.4;-0.5;0.001;0.4598601723191811;0.08832188230633387;-0.0005367906133657515;3;success
|f(x_i)| < rho;0.4;-0.5;0.0001;0.53130983400601;0.016872220619504996;-8.61776479078121e-05;5;success
|f(x_i)| < rho;0.4;-0.5;1e-05;0.547815381695136;0.0003666729303789529;-1.980701387177509e-06;6;success
|f(x_i)| < rho;0.4;-0.5;1e-07;0.5481822586617748;2.0403625988762997e-07;-1.9292637980065658e-10;8;success
|f(x_i)| < rho;0.4;-0.5;1e-11;0.5481822943371693;2.397116543040312e-07;-1.8849898313251512e-14;9;success
|f(x_i)| < rho;0.4;-0.5;1e-15;0.5481822943406552;2.397151402933062e-07;-2.168404344971009e-19;10;success
|f(x_i)| < rho;0.4;1.0;0.01;0.4008903832708649;0.14729167135465004;-0.001464232090982853;1;success
|f(x_i)| < rho;0.4;1.0;0.001;0.4611654956565407;0.08701655896897426;-0.0005245434722750343;3;success
|f(x_i)| < rho;0.4;1.0;0.0001;0.5322712902990108;0.01591076432650418;-8.144289856061406e-05;5;success
|f(x_i)| < rho;0.4;1.0;1e-05;0.5479742667571047;0.00020778786841024743;-1.1238020643588269e-06;6;success
|f(x_i)| < rho;0.4;1.0;1e-07;0.5481939783590773;1.1923733562402283e-05;6.318236733321913e-08;7;success
|f(x_i)| < rho;0.4;1.0;1e-11;0.5481822943400636;2.397145486554564e-07;-3.199385743314631e-15;9;success
|f(x_i)| < rho;0.4;1.0;1e-15;0.5481822943406552;2.397151402933062e-07;-2.168404344971009e-19;10;success
|f(x_i)| < rho;0.3;-0.5;0.01;0.30000229384159727;0.24817976078391768;-0.007775990185495479;1;success
|f(x_i)| < rho;0.3;-0.5;0.001;0.4403325930379751;0.10784946158753983;-0.0007530283851786788;5;success
|f(x_i)| < rho;0.3;-0.5;0.0001;0.544422693026883;0.003759361598631994;-2.0002764935600975e-05;8;success
|f(x_i)| < rho;0.3;-0.5;1e-05;0.5484376214260119;0.0002555668004969869;1.382248355538698e-06;9;success
|f(x_i)| < rho;0.3;-0.5;1e-07;0.5481781112680453;3.943357469671227e-06;-2.261869627336597e-08;10;success
|f(x_i)| < rho;0.3;-0.5;1e-11;0.5481822943407489;2.397152339961295e-07;5.06403729713667e-16;12;success
|f(x_i)| < rho;0.3;-0.5;1e-15;0.5481822943407489;2.397152339961295e-07;5.06403729713667e-16;12;success
|f(x_i)| < rho;0.3;1.0;0.01;0.3054013954784379;0.24278065914707703;-0.0071157494778314135;1;success
|f(x_i)| < rho;0.3;1.0;0.001;0.4485155891429608;0.09966646548255415;-0.0006542813930803719;5;success
|f(x_i)| < rho;0.3;1.0;0.0001;0.5466952263594907;0.0014868282660241983;-7.987795444878832e-06;8;success
|f(x_i)| < rho;0.3;1.0;1e-05;0.5466952263594907;0.0014868282660241983;-7.987795444878832e-06;8;success
|f(x_i)| < rho;0.3;1.0;1e-07;0.5481816268926495;4.2773286546005096e-07;-3.609080612151732e-09;10;success
|f(x_i)| < rho;0.3;1.0;1e-11;0.54818229403515;2.394096350055719e-07;-1.6519589922337971e-12;11;success
|f(x_i)| < rho;0.3;1.0;1e-15;0.5481822943406562;2.3971514129250693e-07;5.312590645178972e-18;12;success
|f(x_i)| < rho;0.2;-0.5;0.01;0.29719324494283406;0.2509888096826809;-0.00814318811304467;4;success
|f(x_i)| < rho;0.2;-0.5;0.001;0.42524926094901344;0.1229327936765015;-0.0009728132008575806;7;success
|f(x_i)| < rho;0.2;-0.5;0.0001;0.537947625974452;0.010234428651062943;-5.320348052452651e-05;10;success
|f(x_i)| < rho;0.2;-0.5;1e-05;0.5485727332559995;0.0003906786304845866;2.1150132479806638e-06;11;success
|f(x_i)| < rho;0.2;-0.5;1e-07;0.5481664994428718;1.555518264317879e-05;-8.540158799138684e-08;12;success
|f(x_i)| < rho;0.2;-0.5;1e-11;0.548182294342699;2.3971718410287224e-07;1.1051394716889151e-14;14;success
|f(x_i)| < rho;0.2;-0.5;1e-15;0.5481822943406552;2.397151402933062e-07;-2.168404344971009e-19;15;success
|f(x_i)| < rho;0.2;1.0;0.01;0.3014686082522101;0.24671344637330483;-0.007590890892201499;3;success
|f(x_i)| < rho;0.2;1.0;0.001;0.4246029455065353;0.12357910911897962;-0.0009834847450285917;6;success
|f(x_i)| < rho;0.2;1.0;0.0001;0.5377449710439786;0.010437083581536388;-5.422275093085589e-05;9;success
|f(x_i)| < rho;0.2;1.0;1e-05;0.5485654552667569;0.00038340064124198214;2.075518427113843e-06;10;success
|f(x_i)| < rho;0.2;1.0;1e-07;0.5481665422157735;1.5512409741402777e-05;-8.51703354089417e-08;11;success
|f(x_i)| < rho;0.2;1.0;1e-11;0.5481822943426499;2.3971713491999225e-07;1.078529084617974e-14;13;success
|f(x_i)| < rho;0.2;1.0;1e-15;0.5481822943406552;2.397151402933062e-07;-2.168404344971009e-19;14;success
|f(x_i)| < rho;0.1;-0.5;0.01;0.2850054286751685;0.26317662595034647;-0.009946222704722871;6;success
|f(x_i)| < rho;0.1;-0.5;0.001;0.4530144150714451;0.09516763955406987;-0.0006051951692961187;10;success
|f(x_i)| < rho;0.1;-0.5;0.0001;0.5292409485368518;0.018941106088663173;-9.633833089635453e-05;12;success
|f(x_i)| < rho;0.1;-0.5;1e-05;0.5476142722677849;0.0005677823577300289;-3.0635719862641875e-06;13;success
|f(x_i)| < rho;0.1;-0.5;1e-07;0.5481822029751704;1.4834965544885392e-07;-4.940403825918821e-10;15;success
|f(x_i)| < rho;0.1;-0.5;1e-11;0.5481822943258499;2.397003349141613e-07;-8.005728512842231e-14;16;success
|f(x_i)| < rho;0.1;-0.5;1e-15;0.5481822943406552;2.397151402933062e-07;-2.168404344971009e-19;17;success
|f(x_i)| < rho;0.1;1.0;0.01;0.31835624838315946;0.2298258062423555;-0.005749755632650276;3;success
|f(x_i)| < rho;0.1;1.0;0.001;0.44053569605988374;0.1076463585656312;-0.0007504183703765078;6;success
|f(x_i)| < rho;0.1;1.0;0.0001;0.5448147025551406;0.0033673520703743076;-1.7945711703243382e-05;9;success
|f(x_i)| < rho;0.1;1.0;1e-05;0.5484131675750212;0.0002311129495062847;1.2497233589596192e-06;10;success
|f(x_i)| < rho;0.1;1.0;1e-07;0.5481788886552067;3.1659703082498325e-06;-1.8415276420712416e-08;11;success
|f(x_i)| < rho;0.1;1.0;1e-11;0.5481822943407113;2.3971519635956895e-07;3.030751647911667e-16;13;success
|f(x_i)| < rho;0.1;1.0;1e-15;0.5481822943407113;2.3971519635956895e-07;3.030751647911667e-16;13;success
|f(x_i)| < rho;0.0;-0.5;0.01;0.31470117529423697;0.23348087933127798;-0.006106370302294154;9;success
|f(x_i)| < rho;0.0;-0.5;0.001;0.44038436692461114;0.10779768770090381;-0.000752362248432975;12;success
|f(x_i)| < rho;0.0;-0.5;0.0001;0.5446995110069972;0.0034825436185177416;-1.8550819033165877e-05;15;success
|f(x_i)| < rho;0.0;-0.5;1e-05;0.5484204781133588;0.00023842348784386402;1.2893388931875e-06;16;success
|f(x_i)| < rho;0.0;-0.5;1e-07;0.5481786661465231;3.38847899183925e-06;-1.9618408959743024e-08;17;success
|f(x_i)| < rho;0.0;-0.5;1e-11;0.548182294340721;2.3971520601850926e-07;3.5518463170625125e-16;19;success
|f(x_i)| < rho;0.0;-0.5;1e-15;0.548182294340721;2.3971520601850926e-07;3.5518463170625125e-16;19;success
|f(x_i)| < rho;0.0;1.0;0.01;0.5;0.04818205462551495;-0.0002460246069489168;1;success
|f(x_i)| < rho;0.0;1.0;0.001;0.5;0.04818205462551495;-0.0002460246069489168;1;success
|f(x_i)| < rho;0.0;1.0;0.0001;0.5438274713490914;0.004354583276423574;-2.3114498077006244e-05;3;success
|f(x_i)| < rho;0.0;1.0;1e-05;0.548373454891345;0.0001914002658300884;1.034568490838921e-06;4;success
|f(x_i)| < rho;0.0;1.0;1e-07;0.5481787007247824;3.353900732583348e-06;-1.943144010787038e-08;5;success
|f(x_i)| < rho;0.0;1.0;1e-11;0.548182294340707;2.3971519202969915e-07;2.795750827025434e-16;7;success
|f(x_i)| < rho;0.0;1.0;1e-15;0.548182294340707;2.3971519202969915e-07;2.795750827025434e-16;7;success
|f(x_i)| < rho;-0.1;-0.5;0.01;0.3029505351366327;0.24523151948888222;-0.007408263795694311;11;success
|f(x_i)| < rho;-0.1;-0.5;0.001;0.42888043921580377;0.11930161540971118;-0.000914898759861577;14;success
|f(x_i)| < rho;-0.1;-0.5;0.0001;0.5399293912697667;0.008252663355748258;-4.3180201564284974e-05;17;success
|f(x_i)| < rho;-0.1;-0.5;1e-05;0.5485957123676034;0.00041365774208845796;2.2397295016392076e-06;18;success
|f(x_i)| < rho;-0.1;-0.5;1e-07;0.5481683622026432;1.3692422871747212e-05;-7.533045486316859e-08;19;success
|f(x_i)| < rho;-0.1;-0.5;1e-11;0.5481822943423396;2.3971682461265686e-07;9.107447326676954e-15;21;success
|f(x_i)| < rho;-0.1;-0.5;1e-15;0.5481822943406552;2.397151402933062e-07;-2.168404344971009e-19;22;success
|f(x_i)| < rho;-0.1;1.0;0.01;0.724808731987279;0.17662667736176407;0.00799959102266286;4;success
|f(x_i)| < rho;-0.1;1.0;0.001;0.6273481738445786;0.07916611921906369;0.0008870359018952106;7;success
|f(x_i)| < rho;-0.1;1.0;0.0001;0.5575914412805355;0.009409386655020557;5.343876176036948e-05;10;success
|f(x_i)| < rho;-0.1;1.0;1e-05;0.5497449518908211;0.001562897265306118;8.511763457567782e-06;11;success
|f(x_i)| < rho;-0.1;1.0;1e-07;0.5481828490846681;7.944591531305889e-07;2.9996749209315913e-09;13;success
|f(x_i)| < rho;-0.1;1.0;1e-11;0.5481822945337234;2.3990820841035543e-07;1.043976957291158e-12;14;success
|f(x_i)| < rho;-0.1;1.0;1e-15;0.5481822943406558;2.397151408484177e-07;2.846030702774449e-18;15;success
|f(x_i)| < rho;-0.2;-0.5;0.01;0.2938496507317137;0.25433240389380124;-0.008602752332092315;13;success
|f(x_i)| < rho;-0.2;-0.5;0.001;0.461315329102305;0.08686672552320995;-0.0005231531318493538;17;success
|f(x_i)| < rho;-0.2;-0.5;0.0001;0.5348899170229333;0.013292137602581633;-6.848675473015897e-05;19;success
|f(x_i)| < rho;-0.2;-0.5;1e-05;0.5484015993972003;0.0002195447716853982;1.1870412974080124e-06;20;success
|f(x_i)| < rho;-0.2;-0.5;1e-07;0.548171399151338;1.0655474177001523e-05;-5.8910624704621274e-08;21;success
|f(x_i)| < rho;-0.2;-0.5;1e-11;0.5481822943412004;2.397156854128113e-07;2.9473765008475317e-15;23;success
|f(x_i)| < rho;-0.2;-0.5;1e-15;0.5481822943406552;2.397151402933062e-07;-2.168404344971009e-19;24;success
|f(x_i)| < rho;-0.2;1.0;0.01;0.7149237311866807;0.16674167656116579;0.006508443650323686;7;success
|f(x_i)| < rho;-0.2;1.0;0.001;0.6200617028539809;0.07187964822846593;0.0007353549093367124;10;success
|f(x_i)| < rho;-0.2;1.0;0.0001;0.5547071111689192;0.006525056543404295;3.645678863611166e-05;13;success
|f(x_i)| < rho;-0.2;1.0;1e-05;0.5490175647693795;0.0008355101438645152;4.534051634017314e-06;14;success
|f(x_i)| < rho;-0.2;1.0;1e-07;0.5481823992171305;3.4459161557531814e-07;5.670988393371426e-10;16;success
|f(x_i)| < rho;-0.2;1.0;1e-11;0.5481822943536833;2.3972816831641097e-07;7.044623944515299e-14;17;success
|f(x_i)| < rho;-0.2;1.0;1e-15;0.5481822943406552;2.397151402933062e-07;-2.168404344971009e-19;18;success
|f(x_i)| < rho;-0.3;-0.5;0.01;0.2915756402451339;0.25660641438038106;-0.008929921823679056;15;success
|f(x_i)| < rho;-0.3;-0.5;0.001;0.4591141254217981;0.08906792920371687;-0.0005439004673992462;19;success
|f(x_i)| < rho;-0.3;-0.5;0.0001;0.5334678002280225;0.01471425439749241;-7.553527699238866e-05;21;success
|f(x_i)| < rho;-0.3;-0.5;1e-05;0.5482626347123755;8.058008686051554e-05;4.3458422017029086e-07;22;success
|f(x_i)| < rho;-0.3;-0.5;1e-07;0.5481780011286844;4.053496830525027e-06;-2.3214229775218843e-08;23;success
|f(x_i)| < rho;-0.3;-0.5;1e-11;0.5481822927628277;2.381373127580133e-07;-8.531787011904421e-12;24;success
|f(x_i)| < rho;-0.3;-0.5;1e-15;0.5481822943406862;2.397151712685286e-07;1.6736015785029368e-16;25;success
|f(x_i)| < rho;-0.3;1.0;0.01;0.7337488610758649;0.18556680645034995;0.009616389992001649;7;success
|f(x_i)| < rho;-0.3;1.0;0.001;0.6071825604842226;0.05900050585870764;0.0005185424716219059;11;success
|f(x_i)| < rho;-0.3;1.0;0.0001;0.5617019677430086;0.013519913117493676;7.874462933416633e-05;13;success
|f(x_i)| < rho;-0.3;1.0;1e-05;0.5483968448183014;0.0002147901927864737;1.1612805970300655e-06;15;success
|f(x_i)| < rho;-0.3;1.0;1e-07;0.548185268717117;3.214091602088409e-06;1.6083564556378495e-08;16;success
|f(x_i)| < rho;-0.3;1.0;1e-11;0.5481822943406951;2.397151801503128e-07;2.154038666185576e-16;18;success
|f(x_i)| < rho;-0.3;1.0;1e-15;0.5481822943406951;2.397151801503128e-07;2.154038666185576e-16;18;success
|f(x_i)| < rho;-0.4;-0.5;0.01;0.3043163734546717;0.24386568117084323;-0.007243807322120557;17;success
|f(x_i)| < rho;-0.4;-0.5;0.001;0.4302228734498347;0.11795918117568027;-0.0008943379308989375;20;success
|f(x_i)| < rho;-0.4;-0.5;0.0001;0.5405898999440986;0.007592154681416385;-3.9815079723471976e-05;23;success
|f(x_i)| < rho;-0.4;-0.5;1e-05;0.5485895759788125;0.00040752135329757966;2.2064224107004517e-06;24;success
|f(x_i)| < rho;-0.4;-0.5;1e-07;0.5481695371038342;1.2517521680743826e-05;-6.897818622960772e-08;25;success
|f(x_i)| < rho;-0.4;-0.5;1e-11;0.5481822943420465;2.3971653151377836e-07;7.5225741434648e-15;27;success
|f(x_i)| < rho;-0.4;-0.5;1e-15;0.5481822943406552;2.397151402933062e-07;-2.168404344971009e-19;28;success
|f(x_i)| < rho;-0.4;1.0;0.01;0.7032927900952503;0.1551107354697353;0.005086030385913836;8;success
|f(x_i)| < rho;-0.4;1.0;0.001;0.6103457869418369;0.062163732316321996;0.0005664552092853677;11;success
|f(x_i)| < rho;-0.4;1.0;0.0001;0.5635453625802203;0.015363307954705308;9.056420920248878e-05;13;success
|f(x_i)| < rho;-0.4;1.0;1e-05;0.5484926100939966;0.000310555468481688;1.6803629461001871e-06;15;success
|f(x_i)| < rho;-0.4;1.0;1e-07;0.5481877077013104;5.65307579547536e-06;2.9272389444939188e-08;16;success
|f(x_i)| < rho;-0.4;1.0;1e-11;0.548182294340846;2.3971533102962184e-07;1.0312388963595875e-15;18;success
|f(x_i)| < rho;-0.4;1.0;1e-15;0.5481822943406552;2.397151402933062e-07;-2.168404344971009e-19;19;success
|f(x_i)| < rho;-0.5;1.0;0.01;0.7041351175539043;0.1559530629283894;0.005178433143803868;8;success
|f(x_i)| < rho;-0.5;1.0;0.001;0.6110455399221698;0.06286348529665486;0.0005774921758607776;11;success
|f(x_i)| < rho;-0.5;1.0;0.0001;0.5639666048949777;0.015784550269462794;9.330929966213542e-05;13;success
|f(x_i)| < rho;-0.5;1.0;1e-05;0.5485178829854369;0.0003358283599219636;1.8174278715748403e-06;15;success
|f(x_i)| < rho;-0.5;1.0;1e-07;0.548188441827513;6.387201998081515e-06;3.3242239840861857e-08;16;success
|f(x_i)| < rho;-0.5;1.0;1e-11;0.5481822943409214;2.397154064137652e-07;1.4387362828882644e-15;18;success
|f(x_i)| < rho;-0.5;1.0;1e-15;0.5481822943406552;2.397151402933062e-07;-2.168404344971009e-19;19;success
