n;cond_A_float32;cond_A_float64;error_float32;error_float64
2;14.095723;14.095723162137135;2.3841858e-07;2.220446049250313e-16
3;482.92303;482.9221408634419;5.9604645e-06;4.6629367034256575e-15
4;17033.135;17032.900603352366;9.88245e-05;2.439159985101469e-13
5;592377.94;591877.1218390558;0.008571148;1.6068479880004816e-11
6;2.095704e+07;20378509.97490324;0.009239018;2.054879599810988e-10
7;1.3341326e+09;698046148.0724504;4.49111;1.034597074678345e-08
8;3.0328637e+09;23839682875.517895;6.4311514;3.359567841698663e-07
9;8.661258e+09;812691015892.7712;11.157583;1.3829699020417863e-06
10;3.6261012e+09;27673935526419.832;5.3333006;7.831919722001146e-05
11;1.958842e+09;942660330191426.8;4.9550886;0.002068482851637299
12;2.3647913e+09;3.2477103834861972e+16;1.9562032;0.20320048367199872
13;3.7339423e+09;7.728488116884573e+17;20.92573;5.913883323481343
14;3.0947594e+09;1.35940631536116e+18;68.138855;2.856146195496676
15;7.6293683e+09;9.244946625225777e+17;128.07607;3.769402469102178
16;1.1528954e+10;1.4994611086795505e+18;87.68246;4.50582633242415
17;1.6697379e+10;7.562783059178522e+18;32.100704;4.604824058059651
18;1.2177108e+10;1.9530822318186442e+18;27.120794;12.462842765427656
19;1.2094622e+10;6.881464417410146e+18;20.590391;21.441926434886437
20;2.3077886e+10;2.6902192085339587e+18;67.111694;5.313083170425965
