n_nodes,m_degree,alg_max_err,alg_mse_err
5,1,3.7397203467269495,1.7650468048855625
5,2,3.7395040520148313,1.9176673065363548
5,3,4.619972149764832,2.88675993081723
5,4,5.42801497698534,3.1733685111396994
5,5,,
5,10,,
5,20,,
5,40,,
5,70,,
10,1,4.262084209491532,1.8642167730306756
10,2,4.323599437636473,1.889254238144283
10,3,4.3371204435886295,1.8992794378425126
10,4,4.348519672437285,1.8978540803733204
10,5,4.4838636704234425,1.9352854145755805
10,10,,
10,20,,
10,40,,
10,70,,
15,1,3.8722891985482777,1.7506482416339175
15,2,3.714666122785092,1.699451240493962
15,3,3.642422566767804,1.6516875239258413
15,4,3.647160197476843,1.6413847839448623
15,5,3.59132816246085,1.649668543284108
15,10,4.979135247552619,1.4700967259001005
15,20,,
15,40,,
15,70,,
20,1,3.749148666495948,1.732858208316879
20,2,3.4926572874898074,1.6599438208366182
20,3,3.344678274014873,1.5782582588981704
20,4,3.342098906374183,1.5456238101040598
20,5,3.330160019432809,1.5492123786656373
20,10,2.6058146456431057,0.7853588821156376
20,20,,
20,40,,
20,70,,
30,1,3.658750281509042,1.725345084347074
30,2,3.521577261153333,1.6396765527460493
30,3,3.373033235983387,1.5310175257234322
30,4,3.1659326822182794,1.4721196015194737
30,5,3.0983746460187014,1.4557739482669192
30,10,1.7055262129135849,0.7061804476973692
30,20,0.4654970130539531,0.005051538961733028
30,40,,
30,70,,
40,1,3.6242235481484864,1.7237234955238148
40,2,3.5667589747508,1.6343913552815585
40,3,3.4092311402543785,1.516017785157568
40,4,3.159250491314558,1.4451129256221142
40,5,3.0388997476453463,1.4154801627345956
40,10,1.6894479859714335,0.6956785769160679
40,20,0.11041044451338755,0.0001996116108463349
40,40,,
40,70,,
50,1,3.6067086881182604,1.7231671019844508
50,2,3.5910355250489827,1.6323499709798395
50,3,3.429794395493724,1.5095291622495766
50,4,3.154546739916846,1.4324328608578683
50,5,2.9995515234179897,1.394764240270211
50,10,1.6916758347057084,0.6890703871278735
50,20,0.0545574245698629,5.051245921140765e-05
50,40,1.3826870533473312,0.028870854705343535
50,70,,
75,1,3.5869946560733457,1.722757449462904
75,2,3.620082555219246,1.630666202957499
75,3,3.4558845165152072,1.5036035280599827
75,4,3.1478696011709797,1.419984017980028
75,5,3.1035175323370114,1.3727163780222953
75,10,1.6880732224699369,0.6789362529286532
75,20,0.023732551862918894,2.0280647971414483e-05
75,40,0.2315705471594812,0.0005028310481107618
75,70,4.237261141696625,0.10931252615399695
100,1,3.5786786317212975,1.722654301463804
100,2,3.63316293543038,1.630186575994868
100,3,3.4683506913503277,1.5017362451730953
100,4,3.144474871169366,1.415781491731624
100,5,3.315592979139256,1.3646895761712883
100,10,1.683718867697195,0.6737976499814422
100,20,0.018298861772633512,1.8854604160619058e-05
100,40,0.0444567916313646,2.5860160966193797e-05
100,70,0.827592326209992,0.004806124573953759
150,1,3.5713840100816756,1.7225984610756868
150,2,3.645263343468319,1.6299024596668827
150,3,3.4804174042325617,1.500551383082699
150,4,3.141108348784409,1.4129896937695137
150,5,3.5368561412515427,1.359082453462127
150,10,1.6778096690481479,0.6693554782275645
150,20,0.014910765345190424,1.8171819518090436e-05
150,40,0.010489142026904461,2.1147539398842274e-06
150,70,0.07905318660953098,2.9146480599309263e-05
200,1,3.5681192592402384,1.7225841368641577
200,2,3.6509406771319775,1.6298234718195161
200,3,3.4862962955995025,1.500202474235373
200,4,3.139450442221622,1.4121363305144765
200,5,3.6510385262369343,1.3572977699881632
200,10,1.7868490036622633,0.6676905277553876
200,20,0.014147244084666721,1.786881190370281e-05
200,40,0.0272356829972753,1.783207184025852e-05
200,70,0.11919658534313873,0.00019165588892115638
