N;Rho;Initial_Vector;Criterion;Iterations;Total_Time_s;Time_per_Iteration_s;Real_Error
2;0.001;Close;Incremental (1);5;2.8e-05;5.63e-06;5.95e-05
2;0.001;Close;Residual (2);5;1.9e-05;3.77e-06;5.95e-05
2;0.001;Far;Incremental (1);8;1.8e-05;2.24e-06;1.75e-05
2;0.001;Far;Residual (2);8;2.4e-05;3.01e-06;1.75e-05
2;1e-05;Close;Incremental (1);8;1.8e-05;2.26e-06;1.73e-07
2;1e-05;Close;Residual (2);8;2.4e-05;3.01e-06;1.73e-07
2;1e-05;Far;Incremental (1);10;1.7e-05;1.72e-06;3.58e-07
2;1e-05;Far;Residual (2);10;2.6e-05;2.6e-06;3.58e-07
2;1e-09;Close;Incremental (1);12;2.1e-05;1.75e-06;7.22e-11
2;1e-09;Close;Residual (2);12;3.1e-05;2.58e-06;7.22e-11
2;1e-09;Far;Incremental (1);15;2.6e-05;1.73e-06;2.13e-11
2;1e-09;Far;Residual (2);15;3.8e-05;2.53e-06;2.13e-11
2;1e-15;Close;Incremental (1);20;3.5e-05;1.75e-06;0.00e+00
2;1e-15;Close;Residual (2);20;5e-05;2.49e-06;0.00e+00
2;1e-15;Far;Incremental (1);22;3.8e-05;1.72e-06;0.00e+00
2;1e-15;Far;Residual (2);22;6e-05;2.73e-06;0.00e+00
3;0.001;Close;Incremental (1);7;1.8e-05;2.59e-06;3.67e-05
3;0.001;Close;Residual (2);7;3e-05;4.26e-06;3.67e-05
3;0.001;Far;Incremental (1);9;2.8e-05;3.1e-06;6.85e-05
3;0.001;Far;Residual (2);9;3.9e-05;4.32e-06;6.85e-05
3;1e-05;Close;Incremental (1);9;2.5e-05;2.78e-06;6.36e-07
3;1e-05;Close;Residual (2);9;4e-05;4.48e-06;6.36e-07
3;1e-05;Far;Incremental (1);12;3.2e-05;2.66e-06;9.09e-07
3;1e-05;Far;Residual (2);13;5.7e-05;4.36e-06;1.81e-07
3;1e-09;Close;Incremental (1);15;4.1e-05;2.73e-06;6.62e-11
3;1e-09;Close;Residual (2);15;5.9e-05;3.94e-06;6.62e-11
3;1e-09;Far;Incremental (1);18;4.3e-05;2.37e-06;1.17e-10
3;1e-09;Far;Residual (2);19;7.4e-05;3.89e-06;2.56e-11
3;1e-15;Close;Incremental (1);25;6.3e-05;2.52e-06;0.00e+00
3;1e-15;Close;Residual (2);25;9.9e-05;3.95e-06;0.00e+00
3;1e-15;Far;Incremental (1);28;7.7e-05;2.75e-06;2.22e-16
3;1e-15;Far;Residual (2);29;0.000125;4.32e-06;0.00e+00
5;0.001;Close;Incremental (1);7;3.3e-05;4.7e-06;3.73e-05
5;0.001;Close;Residual (2);7;5.8e-05;8.24e-06;3.73e-05
5;0.001;Far;Incremental (1);10;4.5e-05;4.51e-06;3.87e-05
5;0.001;Far;Residual (2);10;8e-05;8.01e-06;3.87e-05
5;1e-05;Close;Incremental (1);10;4.6e-05;4.63e-06;3.27e-07
5;1e-05;Close;Residual (2);10;8.1e-05;8.11e-06;3.27e-07
5;1e-05;Far;Incremental (1);13;5.8e-05;4.47e-06;4.93e-07
5;1e-05;Far;Residual (2);13;0.000105;8.07e-06;4.93e-07
5;1e-09;Close;Incremental (1);16;7.2e-05;4.5e-06;5.46e-11
5;1e-09;Close;Residual (2);16;0.000132;8.24e-06;5.46e-11
5;1e-09;Far;Incremental (1);20;9.2e-05;4.6e-06;3.19e-11
5;1e-09;Far;Residual (2);20;0.000164;8.2e-06;3.19e-11
5;1e-15;Close;Incremental (1);25;0.000116;4.63e-06;0.00e+00
5;1e-15;Close;Residual (2);25;0.000204;8.15e-06;0.00e+00
5;1e-15;Far;Incremental (1);28;0.000131;4.68e-06;2.22e-16
5;1e-15;Far;Residual (2);30;0.000241;8.03e-06;0.00e+00
10;0.001;Close;Incremental (1);7;9.7e-05;1.386e-05;4.50e-05
10;0.001;Close;Residual (2);7;0.000193;2.759e-05;4.50e-05
10;0.001;Far;Incremental (1);10;0.000137;1.371e-05;4.03e-05
10;0.001;Far;Residual (2);10;0.000275;2.749e-05;4.03e-05
10;1e-05;Close;Incremental (1);10;0.00014;1.402e-05;5.37e-07
10;1e-05;Close;Residual (2);10;0.000292;2.921e-05;5.37e-07
10;1e-05;Far;Incremental (1);13;0.000184;1.416e-05;6.10e-07
10;1e-05;Far;Residual (2);13;0.00034;2.615e-05;6.10e-07
10;1e-09;Close;Incremental (1);16;0.000221;1.381e-05;5.10e-11
10;1e-09;Close;Residual (2);16;0.000436;2.727e-05;5.10e-11
10;1e-09;Far;Incremental (1);19;0.00028;1.473e-05;1.21e-10
10;1e-09;Far;Residual (2);20;0.000559;2.794e-05;2.98e-11
10;1e-15;Close;Incremental (1);26;0.000384;1.477e-05;1.11e-16
10;1e-15;Close;Residual (2);10000;0.288421;2.884e-05;2.22e-16
10;1e-15;Far;Incremental (1);29;0.000434;1.496e-05;2.22e-16
10;1e-15;Far;Residual (2);10000;0.282892;2.829e-05;2.22e-16
15;0.001;Close;Incremental (1);7;0.00023;3.283e-05;4.83e-05
15;0.001;Close;Residual (2);7;0.000429;6.131e-05;4.83e-05
15;0.001;Far;Incremental (1);10;0.000315;3.147e-05;5.38e-05
15;0.001;Far;Residual (2);11;0.000687;6.244e-05;1.70e-05
15;1e-05;Close;Incremental (1);10;0.000322;3.221e-05;4.85e-07
15;1e-05;Close;Residual (2);10;0.000619;6.189e-05;4.85e-07
15;1e-05;Far;Incremental (1);13;0.000411;3.162e-05;1.01e-06
15;1e-05;Far;Residual (2);14;0.000853;6.093e-05;1.80e-07
15;1e-09;Close;Incremental (1);16;0.000522;3.262e-05;8.21e-11
15;1e-09;Close;Residual (2);16;0.000991;6.194e-05;8.21e-11
15;1e-09;Far;Incremental (1);19;0.000614;3.232e-05;8.15e-11
15;1e-09;Far;Residual (2);20;0.001243;6.216e-05;1.42e-11
15;1e-15;Close;Incremental (1);26;0.000829;3.188e-05;2.22e-16
15;1e-15;Close;Residual (2);10000;0.596739;5.967e-05;2.22e-16
15;1e-15;Far;Incremental (1);29;0.000904;3.118e-05;2.22e-16
15;1e-15;Far;Residual (2);10000;0.602898;6.029e-05;2.22e-16
20;0.001;Close;Incremental (1);7;0.000387;5.528e-05;5.15e-05
20;0.001;Close;Residual (2);7;0.000741;0.00010586;5.15e-05
20;0.001;Far;Incremental (1);10;0.000573;5.729e-05;4.69e-05
20;0.001;Far;Residual (2);10;0.001099;0.00010991;4.69e-05
20;1e-05;Close;Incremental (1);10;0.000555;5.548e-05;6.17e-07
20;1e-05;Close;Residual (2);11;0.00133;0.00012092;1.99e-07
20;1e-05;Far;Incremental (1);13;0.000763;5.869e-05;8.11e-07
20;1e-05;Far;Residual (2);14;0.001472;0.00010514;1.70e-07
20;1e-09;Close;Incremental (1);16;0.000913;5.706e-05;1.24e-10
20;1e-09;Close;Residual (2);17;0.001816;0.00010684;2.42e-11
20;1e-09;Far;Incremental (1);19;0.001091;5.742e-05;9.38e-11
20;1e-09;Far;Residual (2);20;0.002146;0.00010731;1.83e-11
20;1e-15;Close;Incremental (1);26;0.001453;5.588e-05;2.22e-16
20;1e-15;Close;Residual (2);10000;1.045551;0.00010456;2.22e-16
20;1e-15;Far;Incremental (1);29;0.001602;5.524e-05;2.22e-16
20;1e-15;Far;Residual (2);10000;1.042325;0.00010423;2.22e-16
50;0.001;Close;Incremental (1);7;0.002353;0.00033614;6.03e-05
50;0.001;Close;Residual (2);8;0.005224;0.00065297;1.10e-05
50;0.001;Far;Incremental (1);11;0.003706;0.00033691;1.53e-05
50;0.001;Far;Residual (2);11;0.006835;0.00062136;1.53e-05
50;1e-05;Close;Incremental (1);10;0.00337;0.000337;4.72e-07
50;1e-05;Close;Residual (2);11;0.00696;0.00063274;1.42e-07
50;1e-05;Far;Incremental (1);14;0.004519;0.0003228;1.98e-07
50;1e-05;Far;Residual (2);14;0.009233;0.00065952;1.98e-07
50;1e-09;Close;Incremental (1);17;0.005284;0.00031083;1.87e-11
50;1e-09;Close;Residual (2);17;0.010783;0.00063429;1.87e-11
50;1e-09;Far;Incremental (1);20;0.00642;0.00032099;3.01e-11
50;1e-09;Far;Residual (2);20;0.012391;0.00061954;3.01e-11
50;1e-15;Close;Incremental (1);26;0.008204;0.00031553;7.77e-16
50;1e-15;Close;Residual (2);10000;6.211466;0.00062115;7.77e-16
50;1e-15;Far;Incremental (1);29;0.009217;0.00031783;7.77e-16
50;1e-15;Far;Residual (2);10000;6.195766;0.00061958;7.77e-16
100;0.001;Close;Incremental (1);8;0.010089;0.00126114;1.19e-05
100;0.001;Close;Residual (2);8;0.019549;0.00244364;1.19e-05
100;0.001;Far;Incremental (1);11;0.013763;0.0012512;1.54e-05
100;0.001;Far;Residual (2);11;0.026883;0.0024439;1.54e-05
100;1e-05;Close;Incremental (1);11;0.013698;0.00124524;1.58e-07
100;1e-05;Close;Residual (2);11;0.026946;0.00244964;1.58e-07
100;1e-05;Far;Incremental (1);14;0.017496;0.00124972;2.15e-07
100;1e-05;Far;Residual (2);14;0.034234;0.00244529;2.15e-07
100;1e-09;Close;Incremental (1);17;0.021177;0.0012457;2.41e-11
100;1e-09;Close;Residual (2);17;0.041591;0.00244653;2.41e-11
100;1e-09;Far;Incremental (1);20;0.025158;0.0012579;1.62e-11
100;1e-09;Far;Residual (2);20;0.048965;0.00244824;1.62e-11
100;1e-15;Close;Incremental (1);27;0.033679;0.00124736;9.99e-16
100;1e-15;Close;Residual (2);10000;24.334411;0.00243344;9.99e-16
100;1e-15;Far;Incremental (1);30;0.038005;0.00126684;1.11e-15
100;1e-15;Far;Residual (2);10000;24.38181;0.00243818;9.99e-16
200;0.001;Close;Incremental (1);8;0.039269;0.00490865;8.04e-06
200;0.001;Close;Residual (2);8;0.076904;0.00961298;8.04e-06
200;0.001;Far;Incremental (1);11;0.053633;0.00487575;1.78e-05
200;0.001;Far;Residual (2);11;0.105954;0.0096322;1.78e-05
200;1e-05;Close;Incremental (1);11;0.053643;0.00487664;1.59e-07
200;1e-05;Close;Residual (2);11;0.105526;0.00959327;1.59e-07
200;1e-05;Far;Incremental (1);14;0.068363;0.00488308;1.19e-07
200;1e-05;Far;Residual (2);14;0.134337;0.00959551;1.19e-07
200;1e-09;Close;Incremental (1);17;0.082995;0.00488206;2.33e-11
200;1e-09;Close;Residual (2);17;0.163046;0.00959096;2.33e-11
200;1e-09;Far;Incremental (1);20;0.097489;0.00487446;2.13e-11
200;1e-09;Far;Residual (2);21;0.201112;0.00957676;8.62e-12
200;1e-15;Close;Incremental (1);28;0.137555;0.00491268;1.55e-15
200;1e-15;Close;Residual (2);10000;96.49434;0.00964943;1.55e-15
200;1e-15;Far;Incremental (1);33;0.161964;0.004908;1.55e-15
200;1e-15;Far;Residual (2);10000;96.53411;0.00965341;1.55e-15
500;0.001;Close;Incremental (1);8;0.260669;0.03258365;1.40e-05
500;0.001;Close;Residual (2);9;0.571404;0.0634893;4.53e-06
500;0.001;Far;Incremental (1);11;0.35528;0.0322982;1.80e-05
500;0.001;Far;Residual (2);12;0.764924;0.06374369;3.44e-06
500;1e-05;Close;Incremental (1);11;0.354931;0.03226647;1.81e-07
500;1e-05;Close;Residual (2);12;0.760683;0.06339024;3.24e-08
500;1e-05;Far;Incremental (1);14;0.45206;0.03229;1.20e-07
500;1e-05;Far;Residual (2);15;0.950588;0.06337253;4.47e-08
500;1e-09;Close;Incremental (1);17;0.547333;0.03219606;2.29e-11
500;1e-09;Close;Residual (2);18;1.142059;0.06344773;5.07e-12
500;1e-09;Far;Incremental (1);21;0.675928;0.03218705;6.05e-12
500;1e-09;Far;Residual (2);21;1.332939;0.06347329;6.05e-12
500;1e-15;Close;Incremental (1);10000;335.816727;0.03358167;3.33e-15
500;1e-15;Close;Residual (2);10000;774.439597;0.07744396;3.33e-15
500;1e-15;Far;Incremental (1);10000;446.672336;0.04466723;3.33e-15
500;1e-15;Far;Residual (2);10000;635.858765;0.06358588;3.33e-15
